source,line_code,line_id,เจ้าของโครงการ (รัฐ),ผู้เดินรถ / สัมปทาน (เอกชน),station_name,station,entry,bus_stop_count,win_count,songtaew_count,minibus_count,taxi_count,tuktuk_count,samlor_count,van_count,kiss_ride_count,park_ride_car_count,park_ride_moto_count,bike_parking_count,bike_share_count,scooter_share_count,bike_parking_min_dist,bike_parking_mean_dist,bike_share_min_dist,bike_share_mean_dist,bus_stop_min_dist,bus_stop_mean_dist,kiss_ride_min_dist,kiss_ride_mean_dist,minibus_min_dist,minibus_mean_dist,park_ride_car_min_dist,park_ride_car_mean_dist,park_ride_moto_min_dist,park_ride_moto_mean_dist,samlor_min_dist,samlor_mean_dist,scooter_share_min_dist,scooter_share_mean_dist,songtaew_min_dist,songtaew_mean_dist,taxi_min_dist,taxi_mean_dist,tuktuk_min_dist,tuktuk_mean_dist,van_min_dist,van_mean_dist,win_min_dist,win_mean_dist,n_segments,road_width_mean,road_width_min,road_width_max,sw_width_mean,sw_total_length,sidewalk_length,sidewalk_length_1,sidewalk_length_2,road_length_gt4m,road_length_gt4m_atleast1sw,sidewalk_length_surface_neg1,surface_pct_neg1,sidewalk_length_surface_0,surface_pct_0,sidewalk_length_surface_1,surface_pct_1,sidewalk_length_shade_neg1,shade_pct_neg1,sidewalk_length_shade_0,shade_pct_0,sidewalk_length_shade_1,shade_pct_1,sidewalk_length_obstacle_neg1,obs_pct_neg1,sidewalk_length_obstacle_0,obs_pct_0,sidewalk_length_obstacle_1,obs_pct_1,POP25,PRIM25,SEC25,TER25,STU25,TOUR25,COMAR25,TPL25,POP27,PRIM27,SEC27,TER27,STU27,TOUR27,COMAR27,TPL27,POP32,PRIM32,SEC32,TER32,STU32,TOUR32,COMAR32,TPL32,POP37,PRIM37,SEC37,TER37,STU37,TOUR37,COMAR37,TPL37,POP42,PRIM42,SEC42,TER42,STU42,TOUR42,COMAR42,TPL42,POP47,PRIM47,SEC47,TER47,STU47,TOUR47,COMAR47,TPL47,n_zones_in_buffer,station_typology
A21,N10,BTS,กทม. (ผ่าน กรุงเทพธนาคม),BTSC (BTS Group),พหลโยธิน 24,N10 พหลโยธิน 24,5987.0,5,5,0,0,0,0,0,0,2,0,0,5,0,0,14.0,26.33333333333333,0.0,0.0,50.0,148.25,7.0,27.0,0.0,0.0,0.0,0.0,0.0,0.0,0.0,0.0,0,0,0.0,0.0,0.0,0.0,0.0,0.0,0.0,0.0,30.0,76.0,56,7.31,3.5,31.5,2.96,2860.0,1420.0,1420.0,1440.0,7593.4,1575.0,0.0,0.0,0.0,0.0,2860.0,100.0,1097.0,38.4,440.0,15.4,1323.0,46.3,0.0,0.0,95.0,3.3,2765.0,96.7,6525.375,0.0,154.625,7411.25,505.0,33.25,7196.25,0.125,6572.875,0.0,155.25,7458.0,502.5,34.75,7196.25,0.125,6690.625,0.0,158.625,7736.75,492.5,39.125,7196.25,0.125,6726.0,0.0,157.0,7771.375,468.75,43.75,7196.25,0.125,6649.625,0.0,153.125,7716.25,446.0,47.125,7196.25,0.125,6573.625,0.0,151.125,7644.375,424.5,49.375,7196.25,0.125,8,Local Station
A21,N11,BTS,กทม. (ผ่าน กรุงเทพธนาคม),BTSC (BTS Group),รัชโยธิน,N11 รัชโยธิน,12159.0,4,8,0,0,0,0,0,0,2,0,0,7,0,0,4.0,16.0,0.0,0.0,8.0,39.0,12.0,12.0,0.0,0.0,0.0,0.0,0.0,0.0,0.0,0.0,0,0,0.0,0.0,0.0,0.0,0.0,0.0,0.0,0.0,25.0,82.5,66,7.12,3.4,31.5,2.83,3443.0,1940.0,1486.0,1957.0,9636.7,2159.3,38.0,1.1,0.0,0.0,3405.0,98.9,1693.0,49.2,539.0,15.7,1211.0,35.2,38.0,1.1,178.0,5.2,3227.0,93.7,7765.0,0.0,204.6,6606.4,673.0,53.2,7800.0,0.2,7794.0,0.0,205.6,6650.0,669.6,55.6,7800.0,0.2,7898.2,0.0,210.0,6901.6,656.2,62.6,7800.0,0.2,7901.0,0.0,207.8,6936.0,624.6,70.0,7800.0,0.2,7770.6,0.0,202.6,6890.6,594.4,75.4,7800.0,0.2,7641.4,0.0,200.0,6830.2,565.8,79.0,7800.0,0.2,5,Local Station
A21,N12,BTS,กทม. (ผ่าน กรุงเทพธนาคม),BTSC (BTS Group),เสนานิคม,N12 เสนานิคม,11789.0,6,5,0,1,0,0,0,0,1,0,0,7,0,0,5.0,16.0,0.0,0.0,87.0,136.25,83.0,83.0,180.0,180.0,0.0,0.0,0.0,0.0,0.0,0.0,0,0,0.0,0.0,0.0,0.0,0.0,0.0,0.0,0.0,35.0,150.66666666666666,64,7.32,3.4,24.5,2.42,4170.0,2180.0,2142.0,2028.0,7662.8,2482.8,38.0,0.9,718.0,17.2,3083.0,73.9,1718.0,41.2,1543.0,37.0,909.0,21.8,668.0,16.0,1492.0,35.8,2010.0,48.2,8634.666666666666,0.0,337.5,4178.333333333333,1746.8333333333333,98.66666666666669,6500.0,0.1666666666666666,8739.0,0.0,339.1666666666667,4194.333333333333,1737.8333333333333,103.33333333333331,6500.0,0.1666666666666666,8925.166666666666,0.0,346.5,4335.166666666667,1702.5,116.0,6500.0,0.1666666666666666,8914.166666666666,0.0,342.3333333333333,4335.0,1620.6666666666667,129.83333333333334,6500.0,0.1666666666666666,8719.5,0.0,334.3333333333333,4284.0,1542.3333333333333,139.83333333333334,6500.0,0.1666666666666666,8497.833333333334,0.0,329.5,4225.0,1468.3333333333333,146.66666666666666,6500.0,0.1666666666666666,6,Local Station
A21,N13,BTS,กทม. (ผ่าน กรุงเทพธนาคม),BTSC (BTS Group),มหาวิทยาลัยเกษตรศาสตร์,N13 มหาวิทยาลัยเกษตรศาสตร์,14375.0,10,8,0,0,0,0,0,0,1,0,0,8,0,0,10.0,19.0,0.0,0.0,15.0,60.75,15.0,15.0,0.0,0.0,0.0,0.0,0.0,0.0,0.0,0.0,0,0,0.0,0.0,0.0,0.0,0.0,0.0,0.0,0.0,12.0,117.33333333333331,33,9.15,2.8,28.0,2.61,3818.0,1936.0,1936.0,1882.0,4282.4,2100.4,0.0,0.0,760.0,19.9,3058.0,80.1,1713.0,44.9,1508.0,39.5,597.0,15.6,0.0,0.0,1338.0,35.0,2480.0,65.0,7773.75,0.0,290.0,4125.0,2060.25,111.5,0.0,0.25,7955.25,0.0,291.5,4142.0,2049.5,117.0,0.0,0.25,8209.75,0.0,297.75,4283.0,2007.75,131.25,0.0,0.25,8230.5,0.0,294.0,4285.25,1911.25,147.0,0.0,0.25,8058.5,0.0,287.25,4237.25,1819.0,158.25,0.0,0.25,7841.75,0.0,283.0,4181.25,1731.75,166.0,0.0,0.25,4,Local Station
A21,N14,BTS,กทม. (ผ่าน กรุงเทพธนาคม),BTSC (BTS Group),กรมป่าไม้,N14 กรมป่าไม้,5434.0,5,8,0,0,0,0,0,0,2,0,0,7,0,1,8.0,24.25,0.0,0.0,75.0,175.75,12.0,20.0,0.0,0.0,0.0,0.0,0.0,0.0,0.0,0.0,0,0,0.0,0.0,0.0,0.0,0.0,0.0,0.0,0.0,55.0,180.66666666666663,46,5.78,1.9,21.0,3.07,2490.0,1381.0,1381.0,1109.0,6184.4,1668.9,0.0,0.0,435.0,17.5,2055.0,82.5,502.0,20.2,1081.0,43.4,907.0,36.4,218.0,8.8,502.0,20.2,1770.0,71.1,7008.6,0.0,166.2,4182.0,5361.2,102.8,0.0,0.2,7135.4,0.0,166.8,4198.2,5332.8,107.8,0.0,0.2,7331.2,0.0,170.4,4339.0,5224.8,121.0,0.0,0.2,7338.2,0.0,168.6,4338.8,4973.2,135.6,0.0,0.2,7182.6,0.0,164.6,4287.6,4733.6,146.0,0.0,0.2,6992.4,0.0,162.2,4228.2,4505.8,153.0,0.0,0.2,5,Local Station
A21,N15,BTS,กทม. (ผ่าน กรุงเทพธนาคม),BTSC (BTS Group),บางบัว,N15 บางบัว,8717.0,5,4,0,0,0,0,0,0,4,0,0,7,0,0,4.0,28.0,0.0,0.0,37.0,79.0,14.0,42.0,0.0,0.0,0.0,0.0,0.0,0.0,0.0,0.0,0,0,0.0,0.0,0.0,0.0,0.0,0.0,0.0,0.0,40.0,97.5,52,6.14,1.6,21.0,2.58,4205.0,2137.0,2033.0,2172.0,5435.4,2370.5,0.0,0.0,487.0,11.6,3718.0,88.4,2390.0,56.8,1737.0,41.3,78.0,1.9,247.0,5.9,776.0,18.5,3182.0,75.7,8041.166666666667,0.0,477.3333333333333,4108.166666666667,4493.166666666667,17.0,0.0,0.0,7939.166666666667,0.0,479.0,4134.166666666667,4469.333333333333,17.833333333333332,0.0,0.0,7917.0,0.0,489.3333333333333,4288.666666666667,4379.166666666667,20.0,0.0,0.0,7711.5,0.0,483.8333333333333,4308.166666666667,4168.166666666667,22.5,0.0,0.0,7358.0,0.0,472.6666666666667,4278.666666666667,3967.5,24.166666666666668,0.0,0.0,6994.333333333333,0.0,466.3333333333333,4239.5,3776.1666666666665,25.333333333333332,0.0,0.0,6,Local Station
A21,N16,BTS,กทม. (ผ่าน กรุงเทพธนาคม),BTSC (BTS Group),กรมทหารราบที่ 11,N16 กรมทหารราบที่ 11,5297.0,6,3,0,0,0,0,0,0,2,0,0,8,0,0,8.0,74.5,0.0,0.0,55.0,134.75,38.0,64.0,0.0,0.0,0.0,0.0,0.0,0.0,0.0,0.0,0,0,0.0,0.0,0.0,0.0,0.0,0.0,0.0,0.0,30.0,142.5,43,5.54,3.7,21.0,3.13,2009.0,1053.0,1053.0,956.0,4416.4,1263.4,0.0,0.0,483.0,24.0,1526.0,76.0,105.0,5.2,483.0,24.0,1421.0,70.7,131.0,6.5,352.0,17.5,1526.0,76.0,10321.25,0.0,74.25,5804.75,3516.75,0.0,0.0,0.0,9987.25,0.0,74.5,5857.75,3498.25,0.0,0.0,0.0,9780.75,0.0,76.0,6102.25,3427.75,0.0,0.0,0.0,9326.0,0.0,75.25,6162.0,3262.5,0.0,0.0,0.0,8706.75,0.0,73.5,6153.75,3105.5,0.0,0.0,0.0,8087.25,0.0,72.5,6130.5,2955.75,0.0,0.0,0.0,4,Local Station
A21,N18,BTS,กทม. (ผ่าน กรุงเทพธนาคม),BTSC (BTS Group),พหลโยธิน 59,N18 พหลโยธิน 59,3991.0,6,6,0,0,0,0,0,0,2,0,0,15,0,0,8.0,17.0,0.0,0.0,30.0,158.75,20.0,151.5,0.0,0.0,0.0,0.0,0.0,0.0,0.0,0.0,0,0,0.0,0.0,0.0,0.0,0.0,0.0,0.0,0.0,35.0,209.33333333333337,36,6.7,3.8,28.0,3.9,1684.0,832.0,832.0,852.0,5766.5,1011.8,0.0,0.0,0.0,0.0,1684.0,100.0,93.0,5.5,88.0,5.2,1503.0,89.3,0.0,0.0,0.0,0.0,1684.0,100.0,10643.25,0.0,134.25,5302.75,2662.5,32.5,30647.0,0.0,10146.0,0.0,135.0,5330.75,2648.25,34.0,30647.0,0.0,9776.5,0.0,137.75,5521.75,2594.75,38.25,30647.0,0.0,9375.25,0.0,136.0,5536.25,2469.5,42.75,30647.0,0.0,8874.75,0.0,133.0,5487.25,2350.75,46.0,30647.0,0.0,8425.75,0.0,131.25,5427.0,2237.75,48.25,30647.0,0.0,4,Local Station
A21,N19,BTS,กทม. (ผ่าน กรุงเทพธนาคม),BTSC (BTS Group),สายหยุด,N19 สายหยุด,8104.0,9,8,0,0,0,0,0,0,2,0,0,12,0,0,8.0,11.25,0.0,0.0,45.0,86.5,75.0,82.5,0.0,0.0,0.0,0.0,0.0,0.0,0.0,0.0,0,0,0.0,0.0,0.0,0.0,0.0,0.0,0.0,0.0,25.0,79.66666666666667,88,6.46,2.5,21.0,3.39,3294.0,1621.0,1621.0,1673.0,11662.9,1710.5,0.0,0.0,0.0,0.0,3294.0,100.0,2661.0,80.8,633.0,19.2,0.0,0.0,0.0,0.0,643.0,19.5,2651.0,80.5,15646.25,1.0,177.25,4619.25,414.0,32.5,13147.0,0.0,15239.25,1.0,178.0,4654.25,411.75,34.0,13147.0,0.0,14951.25,1.0,181.75,4838.75,403.25,38.25,13147.0,0.0,14321.25,1.0,179.5,4873.25,384.0,42.75,13147.0,0.0,13430.25,1.0,175.25,4853.25,365.5,46.0,13147.0,0.0,12552.0,1.0,173.0,4822.0,348.0,48.25,13147.0,0.0,4,Local Station
A21,N20,BTS,กทม. (ผ่าน กรุงเทพธนาคม),BTSC (BTS Group),สะพานใหม่,N20 สะพานใหม่,10180.0,4,6,0,0,0,0,0,0,2,0,0,7,0,0,8.0,11.5,0.0,0.0,42.0,177.66666666666666,22.0,47.5,0.0,0.0,0.0,0.0,0.0,0.0,0.0,0.0,0,0,0.0,0.0,0.0,0.0,0.0,0.0,0.0,0.0,30.0,101.66666666666669,58,6.24,1.6,21.0,2.92,1864.0,924.0,924.0,940.0,6656.6,1132.8,0.0,0.0,0.0,0.0,1864.0,100.0,108.0,5.8,1598.0,85.7,158.0,8.5,0.0,0.0,1493.0,80.1,371.0,19.9,13487.75,0.0,314.5,5168.5,3015.0,0.0,4000.0,0.0,13512.0,0.0,315.75,5224.0,2999.0,0.0,4000.0,0.0,13680.25,0.0,322.5,5456.5,2938.5,0.0,4000.0,0.0,13639.0,0.0,318.75,5528.75,2797.0,0.0,4000.0,0.0,13367.75,0.0,311.25,5541.75,2662.25,0.0,4000.0,0.0,13093.0,0.0,307.25,5542.25,2534.0,0.0,4000.0,0.0,4,Local Station
A21,N21,BTS,กทม. (ผ่าน กรุงเทพธนาคม),BTSC (BTS Group),โรงพยาบาลภูมิพลอดุลยเดช,N21 โรงพยาบาลภูมิพลอดุลยเดช,2631.0,4,0,0,0,0,0,0,0,2,0,0,4,1,0,12.0,12.666666666666666,14.0,14.0,82.0,133.0,36.0,42.0,0.0,0.0,0.0,0.0,0.0,0.0,0.0,0.0,0,0,0.0,0.0,0.0,0.0,0.0,0.0,0.0,0.0,0.0,0.0,3,21.0,21.0,21.0,4.65,1865.0,985.0,985.0,880.0,997.9,997.9,0.0,0.0,0.0,0.0,1865.0,100.0,0.0,0.0,0.0,0.0,1865.0,100.0,0.0,0.0,0.0,0.0,1865.0,100.0,6100.25,0.0,4.25,5833.5,1986.25,0.0,0.0,0.25,6265.5,0.0,4.25,5912.0,1975.75,0.0,0.0,0.25,6523.25,0.0,4.25,6199.75,1935.75,0.0,0.0,0.25,6722.5,0.0,4.25,6313.0,1842.5,0.0,0.0,0.25,6820.0,0.0,4.25,6362.0,1753.75,0.0,0.0,0.25,6910.0,0.0,4.0,6395.75,1669.25,0.0,0.0,0.25,4,Local Station
A21,N22,BTS,กทม. (ผ่าน กรุงเทพธนาคม),BTSC (BTS Group),พิพิธภัณฑ์กองทัพอากาศ,N22 พิพิธภัณฑ์กองทัพอากาศ,2976.0,5,0,0,0,0,0,0,0,2,0,0,4,0,0,18.0,21.25,0.0,0.0,126.0,161.5,14.0,15.0,0.0,0.0,0.0,0.0,0.0,0.0,0.0,0.0,0,0,0.0,0.0,0.0,0.0,0.0,0.0,0.0,0.0,0.0,0.0,4,21.0,21.0,21.0,5.19,1920.0,972.0,972.0,948.0,1016.9,1016.9,0.0,0.0,0.0,0.0,1920.0,100.0,0.0,0.0,150.0,7.8,1770.0,92.2,0.0,0.0,0.0,0.0,1920.0,100.0,7399.666666666667,0.0,2.0,4713.333333333333,1386.0,0.0,0.0,0.3333333333333333,7625.666666666667,0.0,2.0,4774.333333333333,1378.6666666666667,0.0,0.0,0.3333333333333333,7944.666666666667,0.0,2.0,5003.0,1350.6666666666667,0.0,0.0,0.3333333333333333,8173.666666666667,0.0,2.0,5089.666666666667,1285.6666666666667,0.0,0.0,0.3333333333333333,8264.666666666666,0.0,2.0,5123.333333333333,1223.6666666666667,0.0,0.0,0.3333333333333333,8341.0,0.0,1.6666666666666667,5144.666666666667,1164.6666666666667,0.0,0.0,0.3333333333333333,3,Local Station
A21,N23,BTS,กทม. (ผ่าน กรุงเทพธนาคม),BTSC (BTS Group),แยก คปอ.,N23 แยก คปอ.,11503.0,5,3,0,0,1,0,0,0,1,1,2,7,0,0,12.0,18.75,0.0,0.0,18.0,167.0,15.0,15.0,0.0,0.0,120.0,120.0,52.0,93.5,0.0,0.0,0,0,0.0,0.0,33.0,33.0,0.0,0.0,0.0,0.0,30.0,116.66666666666669,10,19.23,7.2,35.0,4.64,3306.0,1626.0,1626.0,1680.0,2304.9,1777.7,434.0,13.1,409.0,12.4,2463.0,74.5,1454.0,44.0,0.0,0.0,1852.0,56.0,434.0,13.1,409.0,12.4,2463.0,74.5,7470.6,0.0,1413.4,6663.8,183.8,0.0,0.0,0.2,7641.6,0.0,1419.0,6673.0,182.8,0.0,0.0,0.2,7861.6,0.0,1449.6,6987.2,179.2,0.0,0.0,0.2,7953.6,0.0,1432.8,6953.4,170.4,0.0,0.0,0.2,7886.6,0.0,1399.6,6834.8,162.2,0.0,0.0,0.2,7801.6,0.0,1380.6,6704.0,154.4,0.0,0.0,0.2,5,Local Station
A21,N24,BTS,กทม. (ผ่าน กรุงเทพธนาคม),BTSC (BTS Group),คูคต,N24 คูคต,16201.0,4,2,0,0,2,0,0,0,1,1,2,6,0,0,8.0,24.5,0.0,0.0,30.0,284.0,42.0,42.0,0.0,0.0,30.0,30.0,60.0,81.0,0.0,0.0,0,0,0.0,0.0,6.0,13.0,0.0,0.0,0.0,0.0,8.0,21.0,14,10.24,3.0,21.0,3.13,2628.0,1333.0,1333.0,1295.0,7297.9,1426.6,0.0,0.0,686.0,26.1,1942.0,73.9,822.0,31.3,843.0,32.1,963.0,36.6,0.0,0.0,686.0,26.1,1942.0,73.9,20065.666666666668,3.6666666666666665,319.6666666666667,7132.0,3075.0,34.0,0.0,0.0,19704.333333333332,3.6666666666666665,324.6666666666667,7150.666666666667,3050.3333333333335,35.666666666666664,0.0,0.0,20089.0,3.6666666666666665,339.6666666666667,7473.0,2970.0,40.666666666666664,0.0,0.0,20909.333333333332,3.3333333333333335,350.3333333333333,7748.0,2888.0,46.0,0.0,0.0,21720.0,3.3333333333333335,358.6666666666667,7999.333333333333,2808.3333333333335,49.666666666666664,0.0,0.0,22697.0,3.3333333333333335,370.0,8310.0,2731.0,52.333333333333336,0.0,0.0,3,Local Station
A21,PK02,PK,รฟม.,BTS Group (NBM),แคราย,PK02 แคราย,571.0,6,6,0,0,0,0,0,0,8,0,0,10,0,0,2.0,11.333333333333334,0.0,0.0,37.0,66.5,9.0,14.0,0.0,0.0,0.0,0.0,0.0,0.0,0.0,0.0,0,0,0.0,0.0,0.0,0.0,0.0,0.0,0.0,0.0,46.0,65.5,48,8.64,2.6,31.5,3.9,2704.0,1361.0,1361.0,1343.0,6017.4,1966.5,0.0,0.0,792.0,29.3,1782.0,65.9,871.0,32.2,1158.0,42.8,675.0,25.0,0.0,0.0,333.0,12.3,2371.0,87.7,5950.2,0.0,129.6,8145.4,653.8,40.4,20000.0,0.2,5856.2,0.0,132.0,8264.6,649.2,43.6,20000.0,0.2,6015.6,0.0,138.0,8643.8,632.4,52.6,20000.0,0.2,6173.8,0.0,144.4,9058.2,621.4,63.4,20000.0,0.2,6285.8,0.0,150.0,9416.0,611.0,71.4,20000.0,0.2,6401.4,0.0,155.8,9799.8,600.2,77.0,20000.0,0.2,5,Local Station
A21,PK03,PK,รฟม.,BTS Group (NBM),สนามบินน้ำ,PK03 สนามบินน้ำ,639.0,5,3,0,0,0,0,0,0,2,0,0,5,0,0,4.0,7.666666666666667,0.0,0.0,100.0,179.5,2.5,22.75,0.0,0.0,0.0,0.0,0.0,0.0,0.0,0.0,0,0,0.0,0.0,0.0,0.0,0.0,0.0,0.0,0.0,52.0,52.0,55,6.93,4.2,27.0,3.57,1757.0,929.0,929.0,828.0,7818.8,1340.9,229.0,13.0,464.0,26.4,519.0,29.5,651.0,37.1,963.0,54.8,143.0,8.1,229.0,13.0,950.0,54.1,578.0,32.9,8703.75,0.0,645.75,9049.25,443.0,0.0,0.0,0.25,8200.25,0.0,656.75,9188.75,439.75,0.0,0.0,0.25,8096.25,0.0,687.5,9614.5,428.5,0.0,0.0,0.25,8218.5,0.0,719.75,10077.0,421.25,0.0,0.0,0.25,8358.25,0.0,747.25,10474.75,414.25,0.0,0.0,0.25,8557.75,0.0,776.5,10901.25,406.75,0.0,0.0,0.25,4,Local Station
A21,PK04,PK,รฟม.,BTS Group (NBM),สามัคคี,PK04 สามัคคี,467.0,5,4,0,0,0,0,0,0,2,0,0,3,0,0,8.0,10.5,0.0,0.0,128.0,234.0,3.0,25.5,0.0,0.0,0.0,0.0,0.0,0.0,0.0,0.0,0,0,0.0,0.0,0.0,0.0,0.0,0.0,0.0,0.0,77.0,158.5,59,6.15,1.5,21.0,2.57,2229.0,1133.0,1133.0,1096.0,7502.1,1365.1,0.0,0.0,722.0,32.4,759.0,34.1,310.0,13.9,1470.0,65.9,449.0,20.1,0.0,0.0,1171.0,52.5,1058.0,47.5,7586.0,0.0,299.4,11530.8,2555.4,19.4,5336.0,0.2,6989.2,0.0,304.6,11735.6,2537.6,21.0,5336.0,0.2,6751.8,0.0,318.8,12296.8,2472.2,25.4,5336.0,0.2,6892.2,0.0,333.8,12894.6,2429.8,30.4,5336.0,0.2,7108.4,0.0,346.6,13402.6,2387.4,34.4,5336.0,0.2,7421.0,0.0,360.2,13946.8,2346.2,37.2,5336.0,0.2,5,Local Station
A21,PK05,PK,รฟม.,BTS Group (NBM),กรมชลประทาน,PK05 กรมชลประทาน,1085.0,5,1,0,0,0,0,0,0,2,0,0,5,0,0,3.0,6.5,0.0,0.0,48.0,50.5,38.0,40.5,0.0,0.0,0.0,0.0,0.0,0.0,0.0,0.0,0,0,0.0,0.0,0.0,0.0,0.0,0.0,0.0,0.0,15.0,15.0,18,9.0,3.6,21.0,3.11,2954.0,1481.0,1481.0,1473.0,3054.0,1612.9,0.0,0.0,415.0,14.0,1244.0,42.1,807.0,27.3,1277.0,43.2,870.0,29.5,0.0,0.0,1476.0,50.0,1478.0,50.0,5531.6,0.0,303.2,9450.6,3109.6,21.6,5336.0,0.2,5079.8,0.0,308.4,9614.8,3088.0,23.2,5336.0,0.2,4889.6,0.0,322.8,10072.2,3008.6,28.2,5336.0,0.2,4918.6,0.0,338.0,10561.0,2956.8,33.8,5336.0,0.2,4988.4,0.0,350.8,10977.2,2905.2,38.2,5336.0,0.2,5121.0,0.0,364.6,11423.0,2855.2,41.2,5336.0,0.2,5,Local Station
A21,PK06,PK,รฟม.,BTS Group (NBM),แยกปากเกร็ด,PK06 แยกปากเกร็ด,734.0,8,3,0,0,0,0,0,0,2,0,0,7,0,0,7.0,7.5,0.0,0.0,250.0,290.0,16.0,24.5,0.0,0.0,0.0,0.0,0.0,0.0,0.0,0.0,0,0,0.0,0.0,0.0,0.0,0.0,0.0,0.0,0.0,30.0,30.0,65,7.8,3.2,28.0,2.14,6637.0,3530.0,3298.0,3339.0,8354.3,4316.9,781.0,11.8,2238.0,33.7,3565.0,53.7,4483.0,67.5,1806.0,27.2,348.0,5.2,2000.0,30.1,2350.0,35.4,2287.0,34.5,6613.2,0.4,881.0,6929.4,1289.8,46.0,5336.0,0.0,6003.6,0.4,896.0,7035.8,1280.8,49.4,5336.0,0.0,5710.4,0.4,938.0,7361.6,1248.0,60.0,5336.0,0.0,5402.2,0.4,982.0,7715.6,1226.2,72.0,5336.0,0.0,5087.2,0.4,1019.4,8020.0,1205.0,81.2,5336.0,0.0,4811.6,0.4,1059.4,8346.6,1184.4,87.8,5336.0,0.0,5,Local Station
A21,PK07,PK,รฟม.,BTS Group (NBM),เลี่ยงเมืองปากเกร็ด,PK07 เลี่ยงเมืองปากเกร็ด,1903.0,5,3,0,0,1,0,0,0,2,0,0,7,0,0,1.2,11.4,0.0,0.0,11.0,26.5,12.0,26.0,0.0,0.0,0.0,0.0,0.0,0.0,0.0,0.0,0,0,0.0,0.0,3.0,3.0,0.0,0.0,0.0,0.0,40.0,43.5,39,7.99,3.0,28.0,2.75,3725.0,1932.0,1770.0,1955.0,5797.6,2203.2,345.0,9.3,2552.0,68.5,828.0,22.2,1467.0,39.4,2258.0,60.6,0.0,0.0,162.0,4.3,1772.0,47.6,1791.0,48.1,8672.666666666666,3.0,2044.6666666666667,8375.166666666666,529.6666666666666,88.66666666666667,4446.666666666667,0.0,8127.833333333333,3.0,2080.0,8523.5,526.0,95.5,4446.666666666667,0.0,7971.666666666667,3.0,2177.1666666666665,8930.5,512.5,115.5,4446.666666666667,0.0,7932.833333333333,2.8333333333333335,2279.5,9364.833333333334,503.5,138.83333333333334,4446.666666666667,0.0,7853.833333333333,2.8333333333333335,2366.1666666666665,9733.666666666666,494.8333333333333,156.83333333333334,4446.666666666667,0.0,7784.333333333333,2.8333333333333335,2459.1666666666665,10129.0,486.3333333333333,169.33333333333334,4446.666666666667,0.0,6,Local Station
A21,PK08,PK,รฟม.,BTS Group (NBM),แจ้งวัฒนะ-ปากเกร็ด 28,PK08 แจ้งวัฒนะ-ปากเกร็ด 28,4181.0,5,4,0,0,1,0,0,0,2,0,0,3,0,0,3.0,19.666666666666668,0.0,0.0,48.0,154.66666666666666,15.0,24.5,0.0,0.0,0.0,0.0,0.0,0.0,0.0,0.0,0,0,0.0,0.0,92.0,92.0,0.0,0.0,0.0,0.0,50.0,67.5,37,6.96,3.1,28.0,2.85,1932.0,978.0,978.0,954.0,6599.2,1141.4,606.0,31.4,1075.0,55.6,251.0,13.0,1429.0,74.0,503.0,26.0,0.0,0.0,0.0,0.0,1413.0,73.1,519.0,26.9,4720.25,0.0,1833.75,7782.75,4485.75,134.25,77500.0,0.0,4415.75,0.0,1865.5,7908.75,4454.75,145.0,77500.0,0.0,4328.5,0.0,1952.75,8279.0,4340.25,175.0,77500.0,0.0,4575.5,0.0,2044.25,8678.5,4265.0,210.75,77500.0,0.0,4826.25,0.0,2121.75,9020.75,4191.25,237.75,77500.0,0.0,5076.75,0.0,2205.5,9387.75,4118.5,257.0,77500.0,0.0,4,Local Station
A21,PK09,PK,รฟม.,BTS Group (NBM),ศรีรัช,PK09 ศรีรัช,1083.0,5,3,0,0,0,0,0,0,1,0,0,3,0,0,27.0,38.5,0.0,0.0,75.0,82.5,24.0,24.0,0.0,0.0,0.0,0.0,0.0,0.0,0.0,0.0,0,0,0.0,0.0,0.0,0.0,0.0,0.0,0.0,0.0,24.0,24.0,57,7.56,2.8,28.0,3.57,3835.0,2176.0,1909.0,1926.0,8156.6,2407.9,299.0,7.8,1796.0,46.8,1740.0,45.4,2004.0,52.3,936.0,24.4,895.0,23.3,28.0,0.7,2617.0,68.2,1190.0,31.0,4689.2,0.0,1337.6,8715.4,3597.2,153.4,3174.6,0.0,4453.6,0.0,1360.8,8862.8,3572.2,165.6,3174.6,0.0,4426.2,0.0,1424.4,9281.8,3480.4,199.8,3174.6,0.0,4423.2,0.0,1491.2,9731.4,3420.0,240.6,3174.6,0.0,4397.0,0.0,1547.8,10115.0,3361.0,271.4,3174.6,0.0,4379.6,0.0,1608.8,10526.0,3302.6,293.4,3174.6,0.0,5,Local Station
A21,PK11,PK,รฟม.,BTS Group (NBM),แจ้งวัฒนะ 14,PK11 แจ้งวัฒนะ 14,2534.0,4,7,0,0,0,0,0,0,3,0,0,3,0,0,8.0,15.666666666666666,0.0,0.0,18.0,31.5,5.0,6.0,0.0,0.0,0.0,0.0,0.0,0.0,0.0,0.0,0,0,0.0,0.0,0.0,0.0,0.0,0.0,0.0,0.0,40.0,40.0,53,7.17,2.5,28.0,2.36,2396.0,1422.0,1176.0,1220.0,7691.2,2043.5,228.0,9.5,332.0,13.9,1377.0,57.5,1151.0,48.0,1090.0,45.5,155.0,6.5,383.0,16.0,1603.0,66.9,410.0,17.1,5331.0,0.0,309.75,13885.5,256.5,184.0,20475.75,0.0,5219.5,0.0,310.75,13912.75,255.25,192.75,20475.75,0.0,5157.0,0.0,317.25,20587.25,250.0,216.25,20475.75,0.0,5557.75,0.0,313.5,20531.0,238.0,242.25,20475.75,0.0,6013.5,0.0,306.5,20299.25,226.5,261.0,20475.75,0.0,6567.0,0.0,302.25,20039.25,215.5,273.5,20475.75,0.0,4,Local Station
A21,PK12,PK,รฟม.,BTS Group (NBM),ศูนย์ราชการเฉลิมพระเกียรติ,PK12 ศูนย์ราชการเฉลิมพระเกียรติ,3624.0,8,2,0,0,0,0,0,0,2,0,0,3,0,0,1.0,13.666666666666666,0.0,0.0,2.4,87.1,0.5,7.75,0.0,0.0,0.0,0.0,0.0,0.0,0.0,0.0,0,0,0.0,0.0,0.0,0.0,0.0,0.0,0.0,0.0,40.0,145.0,11,15.24,5.1,31.5,2.75,3486.0,2178.0,1798.0,1688.0,2600.4,2335.6,0.0,0.0,0.0,0.0,2524.0,72.4,1249.0,35.8,1517.0,43.5,720.0,20.7,0.0,0.0,1824.0,52.3,1662.0,47.7,5331.0,0.0,309.75,13885.5,256.5,184.0,20475.75,0.0,5219.5,0.0,310.75,13912.75,255.25,192.75,20475.75,0.0,5157.0,0.0,317.25,20587.25,250.0,216.25,20475.75,0.0,5557.75,0.0,313.5,20531.0,238.0,242.25,20475.75,0.0,6013.5,0.0,306.5,20299.25,226.5,261.0,20475.75,0.0,6567.0,0.0,302.25,20039.25,215.5,273.5,20475.75,0.0,4,Local Station
A21,PK13,PK,รฟม.,BTS Group (NBM),โทรคมนาคมแห่งชาติ,PK13 โทรคมนาคมแห่งชาติ,1759.0,4,4,0,0,0,0,0,0,2,0,0,5,0,0,8.0,18.666666666666668,0.0,0.0,32.0,101.5,1.5,28.25,0.0,0.0,0.0,0.0,0.0,0.0,0.0,0.0,0,0,0.0,0.0,0.0,0.0,0.0,0.0,0.0,0.0,96.0,155.5,20,12.51,4.9,32.5,2.75,3702.0,2041.0,1614.0,2088.0,3569.2,2504.0,507.0,13.7,802.0,21.7,1645.0,44.4,1894.0,51.2,1201.0,32.4,607.0,16.4,453.0,12.2,1993.0,53.8,1256.0,33.9,5561.75,0.0,115.5,15055.75,23.5,101.75,0.0,0.0,5441.75,0.0,116.0,15083.0,23.25,106.75,0.0,0.0,5372.0,0.0,118.25,21789.25,22.75,119.75,0.0,0.0,5423.0,0.0,117.0,21723.25,21.75,134.25,0.0,0.0,5440.5,0.0,114.5,21466.0,20.75,144.5,0.0,0.0,5499.25,0.0,112.75,21178.0,19.75,151.25,0.0,0.0,4,Local Station
A21,PK15,PK,รฟม.,BTS Group (NBM),ราชภัฎพระนคร,PK15 ราชภัฎพระนคร,1688.0,5,4,0,0,0,0,0,0,2,0,0,2,0,0,1.0,4.5,0.0,0.0,63.0,104.0,20.0,22.5,0.0,0.0,0.0,0.0,0.0,0.0,0.0,0.0,0,0,0.0,0.0,0.0,0.0,0.0,0.0,0.0,0.0,10.0,10.0,57,7.01,1.8,28.0,2.92,2048.0,991.0,964.0,1084.0,6191.0,1193.4,0.0,0.0,678.0,33.1,1370.0,66.9,1327.0,64.8,603.0,29.4,118.0,5.8,0.0,0.0,1645.0,80.3,403.0,19.7,7680.666666666667,0.0,2043.0,4589.333333333333,3542.0,91.0,6098.0,0.1666666666666666,7482.0,0.0,2051.0,4621.666666666667,3523.1666666666665,95.33333333333331,6098.0,0.1666666666666666,7360.5,0.0,2095.1666666666665,4800.5,3452.0,107.0,6098.0,0.1666666666666666,7211.833333333333,0.0,2070.6666666666665,4830.166666666667,3285.6666666666665,119.83333333333331,6098.0,0.1666666666666666,6964.333333333333,0.0,2022.8333333333333,4805.5,3127.5,129.0,6098.0,0.1666666666666666,6733.666666666667,0.0,1995.6666666666667,4771.0,2976.6666666666665,135.33333333333334,6098.0,0.1666666666666666,6,Local Station
A21,PK17,PK,รฟม.,BTS Group (NBM),รามอินทรา 3,PK17 รามอินทรา 3,1534.0,7,2,0,0,1,0,0,0,3,0,0,7,0,0,2.5,12.875,0.0,0.0,90.0,152.5,5.0,15.666666666666666,0.0,0.0,0.0,0.0,0.0,0.0,0.0,0.0,0,0,0.0,0.0,85.0,85.0,0.0,0.0,0.0,0.0,156.0,163.0,31,10.61,4.4,28.0,2.44,2532.0,1266.0,1099.0,1433.0,4261.6,1514.5,322.0,12.7,706.0,27.9,1504.0,59.4,1221.0,48.2,969.0,38.3,342.0,13.5,322.0,12.7,866.0,34.2,1344.0,53.1,6686.0,0.0,85.0,3564.25,2475.0,0.0,21500.0,0.25,6412.5,0.0,85.5,3583.25,2462.0,0.0,21500.0,0.25,6220.25,0.0,87.25,3711.25,2412.25,0.0,21500.0,0.25,6079.75,0.0,86.25,3721.25,2295.75,0.0,21500.0,0.25,5882.5,0.0,84.25,3688.5,2185.25,0.0,21500.0,0.25,5717.5,0.0,83.0,3648.0,2080.25,0.0,21500.0,0.25,4,Local Station
A21,PK18,PK,รฟม.,BTS Group (NBM),ลาดปลาเค้า,PK18 ลาดปลาเค้า,1435.0,4,5,2,0,0,0,0,0,2,0,0,6,0,0,5.0,18.75,0.0,0.0,15.0,90.0,5.0,27.5,0.0,0.0,0.0,0.0,0.0,0.0,0.0,0.0,0,0,250.0,250.0,0.0,0.0,0.0,0.0,0.0,0.0,45.0,47.5,50,8.1,4.0,24.0,2.17,3298.0,1529.0,1529.0,1769.0,7391.4,1695.0,500.0,15.2,974.0,29.5,1824.0,55.3,1480.0,44.9,1818.0,55.1,0.0,0.0,844.0,25.6,920.0,27.9,1534.0,46.5,12773.5,0.0,456.5,1551.75,1062.0,8.75,7250.0,0.0,11667.75,0.0,458.25,1536.75,1056.5,9.25,7250.0,0.0,10701.5,0.0,468.25,1555.5,1035.0,10.5,7250.0,0.0,9722.75,0.0,462.75,1515.0,985.25,11.75,7250.0,0.0,8722.25,0.0,451.75,1453.5,937.75,12.5,7250.0,0.0,7883.5,0.0,446.0,1391.25,892.75,13.25,7250.0,0.0,4,Local Station
A21,PK19,PK,รฟม.,BTS Group (NBM),รามอินทรา กม.4,PK19 รามอินทรา กม.4,1212.0,4,4,0,0,0,0,0,0,2,0,0,9,0,0,3.0,13.5,0.0,0.0,6.0,194.25,5.0,31.0,0.0,0.0,0.0,0.0,0.0,0.0,0.0,0.0,0,0,0.0,0.0,0.0,0.0,0.0,0.0,0.0,0.0,65.0,207.33333333333337,85,5.94,3.1,28.0,3.3,1483.0,774.0,774.0,709.0,10199.1,976.0,0.0,0.0,931.0,62.8,552.0,37.2,931.0,62.8,552.0,37.2,0.0,0.0,0.0,0.0,1483.0,100.0,0.0,0.0,14915.25,0.0,341.0,1159.75,1377.75,0.0,7250.0,0.0,14841.0,0.0,342.25,1150.5,1370.5,0.0,7250.0,0.0,14893.25,0.0,349.5,1167.5,1342.75,0.0,7250.0,0.0,14676.0,0.0,345.75,1140.75,1278.0,0.0,7250.0,0.0,14204.75,0.0,337.25,1098.75,1216.5,0.0,7250.0,0.0,13749.5,0.0,333.0,1055.5,1158.0,0.0,7250.0,0.0,4,Local Station
A21,PK20,PK,รฟม.,BTS Group (NBM),มัยลาภ,PK20 มัยลาภ,964.0,5,2,0,0,0,0,0,0,3,0,0,9,0,0,8.0,21.75,0.0,0.0,45.0,177.25,3.5,24.75,0.0,0.0,0.0,0.0,0.0,0.0,0.0,0.0,0,0,0.0,0.0,0.0,0.0,0.0,0.0,0.0,0.0,63.0,186.0,57,6.95,4.0,28.0,3.03,1550.0,811.0,811.0,739.0,9349.4,1077.9,8.0,0.5,407.0,26.3,1135.0,73.2,1220.0,78.7,330.0,21.3,0.0,0.0,0.0,0.0,777.0,50.1,773.0,49.9,17539.333333333332,0.0,214.66666666666663,913.6666666666666,667.6666666666666,0.0,0.0,0.0,18323.0,0.0,215.33333333333337,908.0,664.3333333333334,0.0,0.0,0.0,19230.666666666668,0.0,220.0,924.0,651.0,0.0,0.0,0.0,20081.666666666668,0.0,217.66666666666663,906.0,619.3333333333334,0.0,0.0,0.0,20577.333333333332,0.0,212.33333333333337,875.6666666666666,589.6666666666666,0.0,0.0,0.0,21041.333333333332,0.0,209.66666666666663,844.6666666666666,561.3333333333334,0.0,0.0,0.0,3,Local Station
A21,PK21,PK,รฟม.,BTS Group (NBM),วัชรพล,PK21 วัชรพล,959.0,3,1,0,0,0,0,0,0,2,0,0,6,0,0,2.0,14.5,0.0,0.0,57.0,60.5,35.0,36.5,0.0,0.0,0.0,0.0,0.0,0.0,0.0,0.0,0,0,0.0,0.0,0.0,0.0,0.0,0.0,0.0,0.0,45.0,45.0,44,8.46,2.8,31.5,4.29,4294.0,2120.0,2120.0,2174.0,8089.8,2374.1,0.0,0.0,1427.0,33.2,2665.0,62.1,2280.0,53.1,1719.0,40.0,295.0,6.9,0.0,0.0,1778.0,41.4,2516.0,58.6,11228.75,0.25,362.5,1361.75,986.0,0.0,0.0,0.0,11547.0,0.25,364.0,1362.75,981.0,0.0,0.0,0.0,11946.5,0.25,372.0,1402.0,961.25,0.0,0.0,0.0,12726.5,0.25,367.5,1394.5,915.0,0.0,0.0,0.0,13411.0,0.25,359.25,1369.75,870.75,0.0,0.0,0.0,14173.0,0.25,354.25,1343.25,829.0,0.0,0.0,0.0,4,Local Station
A21,PK22,PK,รฟม.,BTS Group (NBM),รามอินทรา กม.6,PK22 รามอินทรา กม.6,1418.0,9,5,0,0,0,0,0,1,4,0,0,11,0,0,1.0,9.25,0.0,0.0,47.0,218.75,16.0,67.66666666666667,0.0,0.0,0.0,0.0,0.0,0.0,0.0,0.0,0,0,0.0,0.0,0.0,0.0,0.0,0.0,8.0,8.0,20.0,186.75,73,7.27,4.0,28.0,2.69,2409.0,1384.0,1147.0,1262.0,10817.2,1736.6,112.0,4.6,1085.0,45.0,1212.0,50.3,1381.0,57.3,1028.0,42.7,0.0,0.0,112.0,4.6,2297.0,95.4,0.0,0.0,10459.4,0.6,310.8,1226.8,787.0,0.0,0.0,0.0,10707.6,0.6,312.0,1231.2,782.8,0.0,0.0,0.0,11030.2,0.4,318.6,1271.8,767.0,0.0,0.0,0.0,11844.0,0.4,315.0,1272.0,730.4,0.0,0.0,0.0,12604.6,0.4,308.0,1257.0,695.0,0.0,0.0,0.0,13457.0,0.4,303.6,1240.2,661.6,0.0,0.0,0.0,5,Local Station
A21,PK23,PK,รฟม.,BTS Group (NBM),คู้บอน,PK23 คู้บอน,1453.0,7,6,1,0,0,0,0,3,3,0,0,10,0,0,3.0,50.5,0.0,0.0,50.0,106.66666666666669,6.5,38.25,0.0,0.0,0.0,0.0,0.0,0.0,0.0,0.0,0,0,0.0,0.0,0.0,0.0,0.0,0.0,40.0,40.0,80.0,80.0,48,7.06,4.0,30.0,2.73,2429.0,1284.0,1284.0,1145.0,6762.8,1607.4,0.0,0.0,1042.0,42.9,1387.0,57.1,1422.0,58.5,1007.0,41.5,0.0,0.0,0.0,0.0,1954.0,80.4,475.0,19.6,8771.5,0.5,505.25,1533.75,382.25,47.5,0.0,0.0,8774.5,0.5,507.25,1545.25,380.25,49.75,0.0,0.0,8828.5,0.5,518.25,1605.25,372.5,55.75,0.0,0.0,8734.25,0.5,512.5,1616.75,354.75,62.5,0.0,0.0,8474.75,0.5,500.75,1610.25,337.75,67.25,0.0,0.0,8211.0,0.5,494.0,1600.75,321.25,70.5,0.0,0.0,4,Local Station
A21,PK24,PK,รฟม.,BTS Group (NBM),รามอินทรา กม.9,PK24 รามอินทรา กม.9,2015.0,6,1,0,0,0,0,0,0,4,0,0,9,0,0,4.0,10.75,0.0,0.0,45.0,178.0,2.5,4.5,0.0,0.0,0.0,0.0,0.0,0.0,0.0,0.0,0,0,0.0,0.0,0.0,0.0,0.0,0.0,0.0,0.0,25.0,25.0,50,7.58,3.5,35.0,3.03,1537.0,763.0,722.0,815.0,9311.6,1056.3,0.0,0.0,530.0,34.5,1007.0,65.5,1346.0,87.6,150.0,9.8,41.0,2.7,41.0,2.7,1496.0,97.3,0.0,0.0,8746.0,2.0,1081.6666666666667,1612.6666666666667,364.3333333333333,80.66666666666667,0.0,0.0,8749.0,2.0,1086.0,1623.6666666666667,362.3333333333333,84.66666666666667,0.0,0.0,8803.333333333334,2.0,1109.6666666666667,1686.3333333333333,355.0,95.0,0.0,0.0,8821.666666666666,2.0,1096.6666666666667,1696.6666666666667,338.0,106.33333333333331,0.0,0.0,8702.0,1.6666666666666667,1071.6666666666667,1688.6666666666667,321.6666666666667,114.33333333333331,0.0,0.0,8593.666666666666,1.6666666666666667,1057.0,1677.0,306.0,120.0,0.0,0.0,3,Local Station
A21,PK25,PK,รฟม.,BTS Group (NBM),วงแหวนรามอินทรา,PK25 วงแหวนรามอินทรา,3113.0,5,2,1,0,1,0,0,0,2,0,0,3,0,0,14.0,36.333333333333336,0.0,0.0,1.0,207.5,8.0,20.5,0.0,0.0,0.0,0.0,0.0,0.0,0.0,0.0,0,0,0.0,0.0,0.0,0.0,0.0,0.0,0.0,0.0,5.0,5.0,17,11.65,4.0,38.5,2.95,2430.0,1518.0,856.0,1574.0,3578.5,1646.0,0.0,0.0,662.0,27.2,1768.0,72.8,1295.0,53.3,775.0,31.9,360.0,14.8,0.0,0.0,1699.0,69.9,731.0,30.1,6248.333333333333,2.0,593.8333333333334,3781.6666666666665,105.0,76.0,78183.33333333333,0.0,6276.166666666667,2.0,596.1666666666666,3790.0,104.5,79.83333333333333,78183.33333333333,0.0,6339.833333333333,2.0,609.1666666666666,3907.3333333333335,102.5,89.66666666666667,78183.33333333333,0.0,6652.333333333333,2.0,601.8333333333334,3894.1666666666665,97.5,100.33333333333331,78183.33333333333,0.0,6910.666666666667,1.6666666666666667,588.3333333333334,3833.5,92.83333333333331,108.0,78183.33333333333,0.0,7192.166666666667,1.6666666666666667,580.1666666666666,3765.1666666666665,88.33333333333333,113.16666666666669,78183.33333333333,0.0,6,Local Station
A21,PK26,PK,รฟม.,BTS Group (NBM),นพรัตน์,PK26 นพรัตน์,761.0,6,3,0,0,0,0,0,0,3,0,0,5,0,0,7.0,8.625,0.0,0.0,45.0,154.75,1.5,2.75,0.0,0.0,0.0,0.0,0.0,0.0,0.0,0.0,0,0,0.0,0.0,0.0,0.0,0.0,0.0,0.0,0.0,100.0,100.0,59,7.84,3.2,28.0,2.87,2688.0,1363.0,1363.0,1325.0,7703.9,1498.1,0.0,0.0,917.0,34.1,1771.0,65.9,689.0,25.6,1551.0,57.7,448.0,16.7,0.0,0.0,2688.0,100.0,0.0,0.0,6108.6,1.2,298.2,2329.4,475.0,61.2,1919.6,0.2,6209.6,1.2,299.4,2340.2,472.6,64.2,1919.6,0.2,6342.0,1.2,305.8,2421.8,463.2,72.0,1919.6,0.2,6492.0,1.2,302.2,2425.8,440.8,80.8,1919.6,0.2,6535.2,1.2,295.4,2401.8,419.6,87.0,1919.6,0.2,6574.4,1.0,291.2,2373.2,399.4,91.0,1919.6,0.2,5,Local Station
A21,PK27,PK,รฟม.,BTS Group (NBM),บางชัน,PK27 บางชัน,713.0,8,4,0,0,0,0,0,0,3,0,0,10,0,0,0.5,7.0,0.0,0.0,37.0,154.5,20.0,28.0,0.0,0.0,0.0,0.0,0.0,0.0,0.0,0.0,0,0,0.0,0.0,0.0,0.0,0.0,0.0,0.0,0.0,45.0,222.0,37,9.36,2.5,28.0,3.03,2762.0,1390.0,1390.0,1372.0,5693.0,1672.9,42.0,1.5,458.0,16.6,2262.0,81.9,1063.0,38.5,1615.0,58.5,84.0,3.0,458.0,16.6,1293.0,46.8,1011.0,36.6,5635.666666666667,0.0,635.0,1253.6666666666667,684.3333333333334,0.0,3199.3333333333335,0.3333333333333333,5738.666666666667,0.0,637.3333333333334,1262.3333333333333,681.0,0.0,3199.3333333333335,0.3333333333333333,5882.666666666667,0.0,651.3333333333334,1310.6666666666667,667.6666666666666,0.0,3199.3333333333335,0.3333333333333333,6076.333333333333,0.0,643.6666666666666,1318.3333333333333,635.3333333333334,0.0,3199.3333333333335,0.3333333333333333,6188.0,0.0,628.6666666666666,1312.0,604.3333333333334,0.0,3199.3333333333335,0.3333333333333333,6308.666666666667,0.0,620.3333333333334,1303.0,575.3333333333334,0.0,3199.3333333333335,0.3333333333333333,3,Local Station
A21,PK28,PK,รฟม.,BTS Group (NBM),เศรษฐบุตรบำเพ็ญ,PK28 เศรษฐบุตรบำเพ็ญ,862.0,8,4,0,0,0,0,0,0,2,0,0,8,0,0,4.0,19.25,0.0,0.0,90.0,125.0,12.0,32.0,0.0,0.0,0.0,0.0,0.0,0.0,0.0,0.0,0,0,0.0,0.0,0.0,0.0,0.0,0.0,0.0,0.0,54.0,111.33333333333331,49,8.14,2.6,28.0,3.51,2111.0,1061.0,1061.0,1050.0,6538.1,1299.5,137.0,6.5,277.0,13.1,1697.0,80.4,1902.0,90.1,94.0,4.5,115.0,5.4,137.0,6.5,1558.0,73.8,416.0,19.7,8111.75,0.25,447.0,1619.0,1006.75,0.0,10316.5,0.0,8242.0,0.25,448.75,1630.25,1001.5,0.0,10316.5,0.0,8421.5,0.25,458.5,1692.5,981.5,0.0,10316.5,0.0,8728.75,0.25,453.25,1702.5,934.25,0.0,10316.5,0.0,8927.25,0.25,442.75,1694.25,889.0,0.0,10316.5,0.0,9144.5,0.25,437.0,1682.25,846.25,0.0,10316.5,0.0,4,Local Station
A21,PK29,PK,รฟม.,BTS Group (NBM),ตลาดมีนบุรี,PK29 ตลาดมีนบุรี,3071.0,7,12,4,0,1,0,0,3,2,0,0,6,0,0,3.0,11.75,0.0,0.0,6.0,110.5,7.0,9.5,0.0,0.0,0.0,0.0,0.0,0.0,0.0,0.0,0,0,75.0,192.5,4.0,4.0,0.0,0.0,210.0,210.0,8.0,35.25,34,9.46,3.5,28.0,2.6,2108.0,1182.0,1076.0,1032.0,4941.4,1311.2,0.0,0.0,351.0,16.7,1757.0,83.3,576.0,27.3,1352.0,64.1,180.0,8.5,118.0,5.6,1023.0,48.5,967.0,45.9,9408.8,2.4,159.8,3492.4,2311.6,100.4,20956.2,0.0,9574.4,2.4,160.2,3513.0,2299.6,105.2,20956.2,0.0,9807.4,2.2,163.8,3642.6,2253.0,118.0,20956.2,0.0,10217.2,2.2,161.8,3657.4,2144.4,132.2,20956.2,0.0,10506.4,2.0,158.0,3631.4,2041.0,142.2,20956.2,0.0,10816.6,2.0,156.0,3598.4,1942.8,149.2,20956.2,0.0,5,Local Station
A21,PK30,PK,รฟม.,BTS Group (NBM),มีนบุรี,PK30 มีนบุรี,1811.0,3,2,0,0,0,0,0,1,1,1,1,5,0,0,35.0,35.0,0.0,0.0,340.0,340.0,5.5,5.5,0.0,0.0,70.0,70.0,90.0,90.0,0.0,0.0,0,0,0.0,0.0,0.0,0.0,0.0,0.0,396.0,396.0,97.0,97.0,39,7.59,1.5,35.0,4.96,2388.0,1224.0,1224.0,1164.0,4690.8,1391.9,0.0,0.0,891.0,37.3,1497.0,62.7,1839.0,77.0,482.0,20.2,67.0,2.8,178.0,7.5,228.0,9.5,1982.0,83.0,9408.8,2.4,159.8,3492.4,2311.6,100.4,20956.2,0.0,9574.4,2.4,160.2,3513.0,2299.6,105.2,20956.2,0.0,9807.4,2.2,163.8,3642.6,2253.0,118.0,20956.2,0.0,10217.2,2.2,161.8,3657.4,2144.4,132.2,20956.2,0.0,10506.4,2.0,158.0,3631.4,2041.0,142.2,20956.2,0.0,10816.6,2.0,156.0,3598.4,1942.8,149.2,20956.2,0.0,5,Local Station
A21,PP01,PP,รฟม.,BEM,คลองบางไผ่,PP01 คลองบางไผ่,6697.0,3,3,0,0,3,0,0,1,4,1,1,3,0,0,5.0,16.666666666666668,0.0,0.0,2.0,22.33333333333333,12.0,22.666666666666668,0.0,0.0,20.0,20.0,166.0,166.0,0.0,0.0,0,0,0.0,0.0,5.0,33.333333333333336,0.0,0.0,95.0,95.0,45.0,63.5,48,15.16,4.0,59.5,2.11,2559.0,1810.0,1716.0,843.0,5200.3,2068.9,537.0,21.0,858.0,33.5,1164.0,45.5,2059.0,80.5,90.0,3.5,410.0,16.0,707.0,27.6,1143.0,44.7,709.0,27.7,6655.5,27.25,89.25,2562.75,2133.5,0.0,0.0,0.0,6535.5,27.25,91.0,2606.25,2118.75,0.0,0.0,0.0,6702.25,26.75,95.25,2729.5,2064.25,0.0,0.0,0.0,6872.5,26.5,99.75,2862.0,2028.5,0.0,0.0,0.0,6994.75,25.75,103.75,2974.5,1993.25,0.0,0.0,0.0,7123.25,25.5,107.5,3095.75,1958.75,0.0,0.0,0.0,4,Local Station
A21,PP02,PP,รฟม.,BEM,ตลาดบางใหญ่,PP02 ตลาดบางใหญ่,5427.0,4,8,1,0,4,0,0,0,2,0,0,3,0,0,3.0,12.5,0.0,0.0,60.0,133.75,7.0,9.5,0.0,0.0,0.0,0.0,0.0,0.0,0.0,0.0,0,0,0.0,0.0,1.0,15.333333333333334,0.0,0.0,0.0,0.0,16.0,24.0,57,8.49,5.0,52.5,2.16,3840.0,2071.0,1916.0,1924.0,8843.1,2376.2,0.0,0.0,1724.0,44.9,2116.0,55.1,2872.0,74.8,658.0,17.1,310.0,8.1,1064.0,27.7,1556.0,40.5,1220.0,31.8,6964.25,9.0,139.25,2759.25,635.5,0.0,119999.5,0.0,6995.0,9.0,141.75,2807.25,631.25,0.0,119999.5,0.0,7330.25,9.0,148.25,2940.25,615.0,0.0,119999.5,0.0,7663.5,9.0,155.25,3083.25,604.25,0.0,119999.5,0.0,7936.5,8.75,161.5,3204.5,593.75,0.0,119999.5,0.0,8209.75,8.5,167.5,3335.0,583.5,0.0,119999.5,0.0,4,Local Station
A21,PP03,PP,รฟม.,BEM,สามแยกบางใหญ่,PP03 สามแยกบางใหญ่,1451.0,5,3,0,0,0,0,0,0,2,1,1,7,0,0,10.0,28.5,0.0,0.0,2.0,24.5,2.0,11.0,0.0,0.0,5.0,5.0,5.0,5.0,0.0,0.0,0,0,0.0,0.0,0.0,0.0,0.0,0.0,0.0,0.0,37.0,139.0,54,7.27,3.1,49.0,2.33,2260.0,1200.0,1200.0,1060.0,7456.6,1659.5,279.0,12.3,1981.0,87.7,0.0,0.0,1870.0,82.7,324.0,14.3,66.0,2.9,617.0,27.3,1515.0,67.0,128.0,5.7,8224.333333333334,14.333333333333334,354.6666666666667,4010.0,71.66666666666667,32.0,0.0,0.0,8218.0,14.333333333333334,360.6666666666667,4077.3333333333335,71.33333333333333,34.333333333333336,0.0,0.0,8564.0,14.0,378.0,4853.0,69.66666666666667,41.666666666666664,0.0,0.0,8902.333333333334,13.666666666666666,395.6666666666667,5060.0,68.33333333333333,50.0,0.0,0.0,9168.0,13.333333333333334,410.6666666666667,5236.333333333333,67.33333333333333,56.333333333333336,0.0,0.0,9434.666666666666,13.333333333333334,426.6666666666667,5425.666666666667,66.0,61.0,0.0,0.0,3,Local Station
A21,PP04,PP,รฟม.,BEM,บางพลู,PP04 บางพลู,2194.0,5,3,0,0,1,0,0,0,4,0,0,5,0,0,4.0,9.666666666666666,0.0,0.0,100.0,102.0,2.0,6.5,0.0,0.0,0.0,0.0,0.0,0.0,0.0,0.0,0,0,0.0,0.0,4.0,4.0,0.0,0.0,0.0,0.0,136.0,142.0,20,10.75,3.0,42.0,2.37,3494.0,1859.0,1708.0,1786.0,3890.9,2128.4,1348.0,38.6,2146.0,61.4,0.0,0.0,3494.0,100.0,0.0,0.0,0.0,0.0,479.0,13.7,3015.0,86.3,0.0,0.0,4585.428571428572,11.0,226.1428571428571,1958.0,160.57142857142858,33.0,0.0,0.1428571428571428,4560.571428571428,11.0,230.0,1990.571428571429,159.57142857142858,35.714285714285715,0.0,0.1428571428571428,4729.571428571428,10.714285714285714,240.8571428571429,2084.5714285714284,155.57142857142858,43.0,0.0,0.1428571428571428,4892.571428571428,10.571428571428571,252.0,2185.5714285714284,152.57142857142858,51.714285714285715,0.0,0.1428571428571428,5015.142857142857,10.285714285714286,261.7142857142857,2271.714285714286,150.14285714285714,58.42857142857143,0.0,0.1428571428571428,5138.571428571428,10.142857142857142,272.0,2364.1428571428573,147.42857142857142,63.142857142857146,0.0,0.1428571428571428,7,Local Station
A21,PP05,PP,รฟม.,BEM,บางรักใหญ่,PP05 บางรักใหญ่,1065.0,3,2,0,0,0,0,0,0,2,0,0,5,0,0,6.0,6.75,0.0,0.0,66.0,166.33333333333334,7.0,36.0,0.0,0.0,0.0,0.0,0.0,0.0,0.0,0.0,0,0,0.0,0.0,0.0,0.0,0.0,0.0,0.0,0.0,20.0,21.0,26,9.54,1.5,49.0,3.01,1511.0,793.0,793.0,718.0,3380.9,1077.0,1349.0,89.3,54.0,3.6,108.0,7.1,1511.0,100.0,0.0,0.0,0.0,0.0,150.0,9.9,1199.0,79.4,162.0,10.7,5163.0,20.0,215.75,1670.75,71.0,89.0,0.0,0.0,5091.5,19.75,219.5,1676.25,70.25,96.25,0.0,0.0,5245.5,19.5,229.75,1741.5,68.5,116.0,0.0,0.0,5403.0,19.25,240.5,1820.5,67.25,139.5,0.0,0.0,5523.25,19.0,249.75,1893.25,66.25,157.5,0.0,0.0,5647.75,18.5,259.75,1971.0,65.0,170.25,0.0,0.0,4,Local Station
A21,PP06,PP,รฟม.,BEM,บางรักน้อยท่าอิฐ,PP06 บางรักน้อยท่าอิฐ,2440.0,4,4,0,0,1,0,0,0,2,1,1,2,0,0,9.0,18.0,0.0,0.0,65.0,74.0,10.0,11.0,0.0,0.0,16.0,16.0,60.0,60.0,0.0,0.0,0,0,0.0,0.0,6.0,6.0,0.0,0.0,0.0,0.0,10.0,38.5,18,14.16,1.5,49.0,2.43,2100.6,1347.6,978.0,1122.6,3312.3,1604.6,169.0,8.0,1401.6,66.7,530.0,25.2,1427.6,68.0,519.0,24.7,154.0,7.3,0.0,0.0,1213.0,57.7,887.6,42.3,7518.25,18.75,39.0,2125.5,252.5,45.0,0.0,0.25,7572.25,18.5,39.5,2127.0,250.5,48.75,0.0,0.25,7964.0,18.5,41.5,2205.75,244.25,58.75,0.0,0.25,8360.5,18.25,43.5,2304.5,240.0,70.75,0.0,0.25,8697.0,18.25,45.0,2396.75,235.75,79.75,0.0,0.25,9036.25,17.5,47.0,2496.0,231.75,86.25,0.0,0.25,4,Local Station
A21,PP07,PP,รฟม.,BEM,ไทรม้า,PP07 ไทรม้า,2104.0,3,2,0,0,0,0,0,0,2,0,0,3,0,0,1.0,6.0,0.0,0.0,11.0,33.0,6.0,6.5,0.0,0.0,0.0,0.0,0.0,0.0,0.0,0.0,0,0,0.0,0.0,0.0,0.0,0.0,0.0,0.0,0.0,12.0,33.5,9,11.09,2.4,49.0,3.0,1353.0,692.0,692.0,661.0,1139.5,991.7,0.0,0.0,0.0,0.0,1353.0,100.0,1353.0,100.0,0.0,0.0,0.0,0.0,0.0,0.0,506.0,37.4,847.0,62.6,7157.333333333333,12.333333333333334,49.333333333333336,1124.0,276.6666666666667,58.0,0.0,0.3333333333333333,7466.0,12.333333333333334,50.0,1128.6666666666667,274.6666666666667,62.666666666666664,0.0,0.3333333333333333,8106.333333333333,12.333333333333334,52.333333333333336,1172.6666666666667,267.6666666666667,75.66666666666667,0.0,0.3333333333333333,8745.333333333334,12.333333333333334,55.0,1226.3333333333333,263.0,91.0,0.0,0.3333333333333333,9313.666666666666,12.0,56.666666666666664,1275.0,258.3333333333333,102.66666666666669,0.0,0.3333333333333333,9877.333333333334,11.666666666666666,59.333333333333336,1328.0,254.0,111.0,0.0,0.3333333333333333,3,Local Station
A21,PP08,PP,รฟม.,BEM,สะพานพระนั่งเกล้า,PP08 สะพานพระนั่งเกล้า,2817.0,7,4,0,1,0,0,0,0,1,0,0,4,0,0,3.0,7.666666666666667,0.0,0.0,55.0,118.0,72.0,72.0,90.0,90.0,0.0,0.0,0.0,0.0,0.0,0.0,0,0,0.0,0.0,0.0,0.0,0.0,0.0,0.0,0.0,12.0,16.0,39,9.01,2.9,35.0,3.82,3480.0,1750.0,1750.0,1730.0,4082.8,2146.2,0.0,0.0,348.0,10.0,3132.0,90.0,2504.0,72.0,632.0,18.2,344.0,9.9,213.0,6.1,1712.0,49.2,1555.0,44.7,8864.5,5.25,791.5,6107.75,760.25,74.0,0.0,0.25,8959.0,5.25,805.0,6197.5,755.0,79.75,0.0,0.25,9433.0,5.25,842.5,6481.25,735.75,96.5,0.0,0.25,9893.0,5.25,882.25,6792.25,723.0,116.0,0.0,0.25,10267.75,5.0,915.5,7060.5,710.25,130.75,0.0,0.25,10641.0,5.0,952.0,7348.5,698.0,141.5,0.0,0.25,4,Local Station
A21,PP09,PP,รฟม.,BEM,แยกนนทบุรี 1,PP09 แยกนนทบุรี 1,3261.0,3,4,0,0,1,0,0,0,2,1,1,2,0,0,10.0,11.5,0.0,0.0,55.0,191.0,11.0,11.5,0.0,0.0,32.0,32.0,51.0,51.0,0.0,0.0,0,0,0.0,0.0,15.0,15.0,0.0,0.0,0.0,0.0,26.0,97.66666666666669,20,13.77,2.0,42.0,2.57,3552.0,1896.0,1896.0,1656.0,3905.0,2184.1,0.0,0.0,946.0,26.6,2606.0,73.4,2665.0,75.0,887.0,25.0,0.0,0.0,99.0,2.8,2280.0,64.2,1173.0,33.0,7512.25,4.25,1122.75,5978.0,827.0,20.0,35000.0,0.0,7394.75,4.25,1142.25,6049.5,821.25,21.5,35000.0,0.0,7588.5,4.25,1195.75,6316.5,800.0,26.0,35000.0,0.0,7772.25,4.0,1251.75,6616.0,786.25,31.5,35000.0,0.0,7892.5,3.75,1299.25,6878.0,772.75,35.5,35000.0,0.0,8015.75,3.75,1350.5,7158.75,759.25,38.25,35000.0,0.0,4,Local Station
A21,PP10,PP,รฟม.,BEM,บางกระสอ,PP10 บางกระสอ,2654.0,4,3,0,0,0,1,0,0,2,0,0,2,0,0,3.0,6.5,0.0,0.0,3.0,140.33333333333334,2.0,9.0,0.0,0.0,0.0,0.0,0.0,0.0,0.0,0.0,0,0,0.0,0.0,0.0,0.0,42.0,42.0,0.0,0.0,27.0,71.5,38,8.39,3.3,49.0,2.5,1528.0,798.0,798.0,730.0,5036.7,1222.7,0.0,0.0,688.0,45.0,840.0,55.0,1528.0,100.0,0.0,0.0,0.0,0.0,214.0,14.0,744.0,48.7,570.0,37.3,9822.0,0.8,637.4,7683.8,662.0,350.0,30800.0,0.0,9341.2,0.8,648.6,7817.4,657.4,378.0,30800.0,0.0,9279.8,0.8,678.6,8188.6,640.4,456.4,30800.0,0.0,9230.2,0.8,710.6,8586.2,629.4,548.8,30800.0,0.0,9129.2,0.8,737.6,8924.6,618.4,619.4,30800.0,0.0,9057.6,0.8,766.8,9287.2,607.8,669.0,30800.0,0.0,5,Local Station
A21,PP12,PP,รฟม.,BEM,กระทรวงสาธารณะสุข,PP12 กระทรวงสาธารณะสุข,4496.0,5,2,0,0,0,0,1,0,0,0,0,3,0,0,20.0,20.0,0.0,0.0,38.0,66.5,0.0,0.0,0.0,0.0,0.0,0.0,0.0,0.0,145.0,145.0,0,0,0.0,0.0,0.0,0.0,0.0,0.0,0.0,0.0,13.0,29.0,42,5.83,2.6,21.0,2.41,2325.0,1180.0,1180.0,1145.0,4432.6,1940.3,0.0,0.0,1129.0,48.6,1196.0,51.4,648.0,27.9,1561.0,67.1,116.0,5.0,495.0,21.3,1687.0,72.6,143.0,6.2,8048.4,0.8,382.8,7860.4,718.6,0.0,6480.0,0.2,7407.8,0.8,389.8,8010.0,713.4,0.0,6480.0,0.2,7140.4,0.8,407.8,8399.0,695.0,0.0,6480.0,0.2,6920.4,0.8,427.2,8809.8,683.0,0.0,6480.0,0.2,6694.6,0.8,443.2,9156.4,671.0,0.0,6480.0,0.2,6513.4,0.8,460.6,9527.8,659.6,0.0,6480.0,0.2,5,Local Station
A21,PP14,PP,รฟม.,BEM,วงศ์สว่าง,PP14 วงศ์สว่าง,3095.0,11,4,0,0,0,0,0,0,0,0,0,6,0,0,5.0,6.0,0.0,0.0,56.0,141.75,0.0,0.0,0.0,0.0,0.0,0.0,0.0,0.0,0.0,0.0,0,0,0.0,0.0,0.0,0.0,0.0,0.0,0.0,0.0,6.0,62.0,83,5.09,2.3,24.5,2.88,3189.0,1581.0,1581.0,1608.0,5904.6,1779.4,0.0,0.0,890.0,27.9,2299.0,72.1,389.0,12.2,1089.0,34.1,1711.0,53.7,0.0,0.0,512.0,16.1,2677.0,83.9,11721.666666666666,0.0,343.6666666666667,4622.333333333333,421.3333333333333,0.0,5328.0,0.0,11495.333333333334,0.0,345.0,4639.0,419.3333333333333,0.0,5328.0,0.0,11344.333333333334,0.0,352.6666666666667,4792.666666666667,410.3333333333333,0.0,5328.0,0.0,11036.333333333334,0.0,348.3333333333333,4789.666666666667,391.0,0.0,5328.0,0.0,10548.333333333334,0.0,340.3333333333333,4730.0,372.0,0.0,5328.0,0.0,10084.333333333334,0.0,335.6666666666667,4661.333333333333,354.0,0.0,5328.0,0.0,3,Local Station
AEC,A04,ARL,รฟท.,บ. รถไฟฟ้า ร.ฟ.ท.,หัวหมาก,ARL หัวหมาก และ MRT หัวหมาก,7467.578947,6,8,1,0,1,0,0,0,2,1,1,3,0,0,5.0,33.333333333333336,0.0,0.0,91.0,93.0,5.0,12.5,0.0,0.0,120.0,120.0,10.0,10.0,0.0,0.0,0,0,230.0,230.0,140.0,140.0,0.0,0.0,0.0,0.0,10.0,59.5,70,6.29,3.5,12.0,2.75,8285.0,7008.0,7008.0,1277.0,10588.9,6821.9,0.0,0.0,4096.0,49.4,3329.0,40.2,1030.0,12.4,324.0,3.9,6931.0,83.7,670.0,8.1,5305.0,64.0,2310.0,27.9,3984.0,0.1666666666666666,499.0,5560.166666666667,3026.0,54.5,4374.666666666667,0.0,4087.3333333333335,0.1666666666666666,501.0,5581.333333333333,3010.1666666666665,57.0,4374.666666666667,0.0,4211.166666666667,0.1666666666666666,511.6666666666667,5768.333333333333,2949.1666666666665,63.833333333333336,4374.666666666667,0.0,4259.5,0.0,505.6666666666667,5767.5,2807.0,71.5,4374.666666666667,0.0,4217.333333333333,0.0,494.0,5698.666666666667,2671.8333333333335,77.0,4374.666666666667,0.0,4162.833333333333,0.0,487.3333333333333,5619.166666666667,2543.1666666666665,80.83333333333333,4374.666666666667,0.0,6,Interchange Station
AEC,YL11,YL,รฟม.,BTS Group (EBM),หัวหมาก,ARL หัวหมาก และ MRT หัวหมาก,3225.0,6,8,1,0,1,0,0,0,2,1,1,3,0,0,5.0,33.333333333333336,0.0,0.0,91.0,93.0,5.0,12.5,0.0,0.0,120.0,120.0,10.0,10.0,0.0,0.0,0,0,230.0,230.0,140.0,140.0,0.0,0.0,0.0,0.0,10.0,59.5,70,6.29,3.5,12.0,2.75,8285.0,7008.0,7008.0,1277.0,10588.9,6821.9,0.0,0.0,4096.0,49.4,3329.0,40.2,1030.0,12.4,324.0,3.9,6931.0,83.7,670.0,8.1,5305.0,64.0,2310.0,27.9,3984.0,0.1666666666666666,499.0,5560.166666666667,3026.0,54.5,4374.666666666667,0.0,4087.3333333333335,0.1666666666666666,501.0,5581.333333333333,3010.1666666666665,57.0,4374.666666666667,0.0,4211.166666666667,0.1666666666666666,511.6666666666667,5768.333333333333,2949.1666666666665,63.833333333333336,4374.666666666667,0.0,4259.5,0.0,505.6666666666667,5767.5,2807.0,71.5,4374.666666666667,0.0,4217.333333333333,0.0,494.0,5698.666666666667,2671.8333333333335,77.0,4374.666666666667,0.0,4162.833333333333,0.0,487.3333333333333,5619.166666666667,2543.1666666666665,80.83333333333333,4374.666666666667,0.0,6,Interchange Station
AEC,S07,BTS,กทม. (ผ่าน กรุงเทพธนาคม),BTSC (BTS Group),กรุงธนบุรี,BTS กรุงธนบุรี และ MRT กรุงธนบุรี,11356.0,4,3,0,0,1,0,0,0,0,1,1,4,0,0,6.0,8.5,0.0,0.0,17.0,70.25,0.0,0.0,0.0,0.0,2.0,2.0,2.0,2.0,0.0,0.0,0,0,0.0,0.0,5.0,5.0,0.0,0.0,0.0,0.0,5.0,9.0,123,4.29,1.5,9.0,6.11,4682.0,4599.0,4599.0,83.0,10710.3,3970.1,0.0,0.0,900.0,19.2,3782.0,80.8,205.0,4.4,3887.0,83.0,590.0,12.6,0.0,0.0,1022.0,21.8,3660.0,78.2,6000.833333333333,0.0,887.8333333333334,4682.166666666667,278.3333333333333,135.66666666666666,0.0,0.0,5846.666666666667,0.0,891.3333333333334,4711.666666666667,276.8333333333333,142.16666666666666,0.0,0.0,5739.833333333333,0.0,910.5,4887.333333333333,271.3333333333333,159.66666666666666,0.0,0.0,5562.666666666667,0.0,900.1666666666666,4909.5,258.3333333333333,178.83333333333334,0.0,0.0,5301.333333333333,0.0,879.1666666666666,4875.666666666667,245.83333333333337,192.5,0.0,0.0,5055.5,0.0,867.3333333333334,4831.666666666667,234.0,201.83333333333337,0.0,0.0,6,Interchange Station
AEC,G1,GL,กทม. (ผ่าน กรุงเทพธนาคม),BTSC (BTS Group),กรุงธนบุรี,BTS กรุงธนบุรี และ MRT กรุงธนบุรี,3378.454545,4,3,0,0,1,0,0,0,0,1,1,4,0,0,6.0,8.5,0.0,0.0,17.0,70.25,0.0,0.0,0.0,0.0,2.0,2.0,2.0,2.0,0.0,0.0,0,0,0.0,0.0,5.0,5.0,0.0,0.0,0.0,0.0,5.0,9.0,123,4.29,1.5,9.0,6.11,4682.0,4599.0,4599.0,83.0,10710.3,3970.1,0.0,0.0,900.0,19.2,3782.0,80.8,205.0,4.4,3887.0,83.0,590.0,12.6,0.0,0.0,1022.0,21.8,3660.0,78.2,6000.833333333333,0.0,887.8333333333334,4682.166666666667,278.3333333333333,135.66666666666666,0.0,0.0,5846.666666666667,0.0,891.3333333333334,4711.666666666667,276.8333333333333,142.16666666666666,0.0,0.0,5739.833333333333,0.0,910.5,4887.333333333333,271.3333333333333,159.66666666666666,0.0,0.0,5562.666666666667,0.0,900.1666666666666,4909.5,258.3333333333333,178.83333333333334,0.0,0.0,5301.333333333333,0.0,879.1666666666666,4875.666666666667,245.83333333333337,192.5,0.0,0.0,5055.5,0.0,867.3333333333334,4831.666666666667,234.0,201.83333333333337,0.0,0.0,6,Interchange Station
AEC,S12,BTS,กทม. (ผ่าน กรุงเทพธนาคม),BTSC (BTS Group),บางหว้า,BTS บางหว้า และ MRT บางหว้า,16969.0,8,5,0,0,2,0,0,1,1,0,2,12,0,0,10.0,30.0,0.0,0.0,10.0,77.0,32.0,32.0,0.0,0.0,0.0,0.0,10.0,10.0,0.0,0.0,0,0,0.0,0.0,21.0,21.0,0.0,0.0,30.0,30.0,12.0,55.66666666666666,76,5.68,1.5,62.0,2.55,4320.0,3570.0,3570.0,750.0,11357.5,4087.6,0.0,0.0,2500.0,57.9,1320.0,30.6,2280.0,52.8,2040.0,47.2,0.0,0.0,0.0,0.0,3200.0,74.1,1120.0,25.9,7027.285714285715,0.5714285714285714,1224.2857142857142,2611.285714285714,1630.571428571429,24.857142857142858,0.0,0.0,7062.857142857143,0.5714285714285714,1229.0,2644.4285714285716,1622.142857142857,26.142857142857142,0.0,0.0,7151.714285714285,0.5714285714285714,1255.2857142857142,2769.285714285714,1589.571428571429,29.285714285714285,0.0,0.0,7137.857142857143,0.4285714285714285,1241.0,2814.714285714286,1512.857142857143,32.714285714285715,0.0,0.0,6995.0,0.4285714285714285,1212.0,2830.4285714285716,1440.0,35.285714285714285,0.0,0.0,6847.428571428572,0.4285714285714285,1195.7142857142858,2839.285714285714,1370.571428571429,37.0,0.0,0.0,7,Interchange Station
AEC,BL34,BL,รฟม.,BEM,บางหว้า,BTS บางหว้า และ MRT บางหว้า,11869.0,8,5,0,0,2,0,0,1,1,0,2,12,0,0,10.0,30.0,0.0,0.0,10.0,77.0,32.0,32.0,0.0,0.0,0.0,0.0,10.0,10.0,0.0,0.0,0,0,0.0,0.0,21.0,21.0,0.0,0.0,30.0,30.0,12.0,55.66666666666666,76,5.68,1.5,62.0,2.55,4320.0,3570.0,3570.0,750.0,11357.5,4087.6,0.0,0.0,2500.0,57.9,1320.0,30.6,2280.0,52.8,2040.0,47.2,0.0,0.0,0.0,0.0,3200.0,74.1,1120.0,25.9,7027.285714285715,0.5714285714285714,1224.2857142857142,2611.285714285714,1630.571428571429,24.857142857142858,0.0,0.0,7062.857142857143,0.5714285714285714,1229.0,2644.4285714285716,1622.142857142857,26.142857142857142,0.0,0.0,7151.714285714285,0.5714285714285714,1255.2857142857142,2769.285714285714,1589.571428571429,29.285714285714285,0.0,0.0,7137.857142857143,0.4285714285714285,1241.0,2814.714285714286,1512.857142857143,32.714285714285715,0.0,0.0,6995.0,0.4285714285714285,1212.0,2830.4285714285716,1440.0,35.285714285714285,0.0,0.0,6847.428571428572,0.4285714285714285,1195.7142857142858,2839.285714285714,1370.571428571429,37.0,0.0,0.0,7,Interchange Station
AEC,N02,BTS,กทม. (ผ่าน กรุงเทพธนาคม),BTSC (BTS Group),พญาไท,BTS พญาไท และ APL พญาไท,22095.0,12,13,0,0,0,3,0,0,6,1,1,3,4,0,43.0,79.0,21.0,32.0,43.0,134.33333333333334,24.0,57.0,0.0,0.0,40.0,40.0,40.0,40.0,0.0,0.0,0,0,0.0,0.0,0.0,0.0,24.0,24.0,0.0,0.0,11.0,26.83333333333333,92,4.17,3.0,12.0,2.7,6334.0,6334.0,6334.0,0.0,6405.5,5396.5,0.0,0.0,0.0,0.0,6303.0,99.5,4403.0,69.5,1450.0,22.9,450.0,7.1,0.0,0.0,0.0,0.0,6303.0,99.5,6649.25,0.0,153.375,9589.125,1266.0,1154.875,45318.125,1.625,6554.375,0.0,154.125,9629.5,1259.25,1210.375,45318.125,1.625,6535.375,0.0,157.25,9957.75,1233.875,1358.5,45318.125,1.625,6446.25,0.0,155.625,9963.875,1174.5,1521.125,45318.125,1.625,6260.75,0.0,151.75,9853.25,1117.75,1637.875,45318.125,1.625,6088.875,0.0,149.75,9723.375,1064.0,1716.375,45318.125,1.625,8,Interchange Station
AEC,A08,ARL,รฟท.,บ. รถไฟฟ้า ร.ฟ.ท.,พญาไท,BTS พญาไท และ APL พญาไท,16150.15789,12,13,0,0,0,3,0,0,6,1,1,3,4,0,43.0,79.0,21.0,32.0,43.0,134.33333333333334,24.0,57.0,0.0,0.0,40.0,40.0,40.0,40.0,0.0,0.0,0,0,0.0,0.0,0.0,0.0,24.0,24.0,0.0,0.0,11.0,26.83333333333333,92,4.17,3.0,12.0,2.7,6334.0,6334.0,6334.0,0.0,6405.5,5396.5,0.0,0.0,0.0,0.0,6303.0,99.5,4403.0,69.5,1450.0,22.9,450.0,7.1,0.0,0.0,0.0,0.0,6303.0,99.5,6649.25,0.0,153.375,9589.125,1266.0,1154.875,45318.125,1.625,6554.375,0.0,154.125,9629.5,1259.25,1210.375,45318.125,1.625,6535.375,0.0,157.25,9957.75,1233.875,1358.5,45318.125,1.625,6446.25,0.0,155.625,9963.875,1174.5,1521.125,45318.125,1.625,6260.75,0.0,151.75,9853.25,1117.75,1637.875,45318.125,1.625,6088.875,0.0,149.75,9723.375,1064.0,1716.375,45318.125,1.625,8,Interchange Station
AEC,N17,BTS,กทม. (ผ่าน กรุงเทพธนาคม),BTSC (BTS Group),วัดพระศรีมหาธาตุ,BTS วัดพระศรีมหาธาตุ และ MRT วัดพระศรีมหาธาตุ,23791.0,5,5,0,0,1,0,0,0,2,0,1,7,0,0,5.0,14.285714285714286,0.0,0.0,52.0,218.8,15.0,57.5,0.0,0.0,0.0,0.0,5.0,5.0,0.0,0.0,0,0,0.0,0.0,10.0,10.0,0.0,0.0,0.0,0.0,20.0,66.6,34,7.12,3.0,12.0,2.64,4941.0,4940.0,4940.0,1.0,10503.4,4816.9,0.0,0.0,1550.0,31.4,3391.0,68.6,4440.0,89.9,445.0,9.0,55.0,1.1,0.0,0.0,2290.0,46.3,2650.0,53.6,10442.2,0.0,66.0,5114.4,3237.0,0.0,24517.6,0.0,9991.6,0.0,66.4,5151.6,3219.8,0.0,24517.6,0.0,9667.0,0.0,67.6,5351.8,3154.8,0.0,24517.6,0.0,9269.8,0.0,66.8,5385.6,3002.6,0.0,24517.6,0.0,8760.2,0.0,65.4,5359.0,2858.2,0.0,24517.6,0.0,8289.8,0.0,64.4,5320.2,2720.6,0.0,24517.6,0.0,5,Interchange Station
AEC,PK16,PK,รฟม.,BTS Group (NBM),วัดพระศรีมหาธาตุ,BTS วัดพระศรีมหาธาตุ และ MRT วัดพระศรีมหาธาตุ,1470.0,5,5,0,0,1,0,0,0,2,0,1,7,0,0,5.0,14.285714285714286,0.0,0.0,52.0,218.8,15.0,57.5,0.0,0.0,0.0,0.0,5.0,5.0,0.0,0.0,0,0,0.0,0.0,10.0,10.0,0.0,0.0,0.0,0.0,20.0,66.6,34,7.12,3.0,12.0,2.64,4941.0,4940.0,4940.0,1.0,10503.4,4816.9,0.0,0.0,1550.0,31.4,3391.0,68.6,4440.0,89.9,445.0,9.0,55.0,1.1,0.0,0.0,2290.0,46.3,2650.0,53.6,10442.2,0.0,66.0,5114.4,3237.0,0.0,24517.6,0.0,9991.6,0.0,66.4,5151.6,3219.8,0.0,24517.6,0.0,9667.0,0.0,67.6,5351.8,3154.8,0.0,24517.6,0.0,9269.8,0.0,66.8,5385.6,3002.6,0.0,24517.6,0.0,8760.2,0.0,65.4,5359.0,2858.2,0.0,24517.6,0.0,8289.8,0.0,64.4,5320.2,2720.6,0.0,24517.6,0.0,5,Interchange Station
AEC,S02,BTS,กทม. (ผ่าน กรุงเทพธนาคม),BTSC (BTS Group),ศาลาแดง,BTS ศาลาแดง  และ MRT สีลม,29675.0,12,20,2,0,0,4,0,0,7,3,3,0,7,0,0.0,0.0,27.0,35.5,3.0,128.0,160.0,280.0,0.0,0.0,110.0,110.0,110.0,110.0,0.0,0.0,0,0,6.0,6.0,0.0,0.0,6.0,6.0,0.0,0.0,6.0,12.2,87,5.54,2.5,15.0,1.99,10281.8,8011.8,8011.8,2270.0,10602.3,8296.8,0.0,0.0,0.0,0.0,10281.8,100.0,7831.8,76.2,2050.0,19.9,400.0,3.9,0.0,0.0,0.0,0.0,10281.8,100.0,2627.25,0.0,187.5,22172.0,1497.625,786.5,22500.0,1.625,2630.125,0.0,188.375,22249.375,1489.875,824.5,22500.0,1.625,3079.625,0.0,192.5,23743.625,1459.625,925.125,22500.0,1.625,3067.5,0.0,190.25,23728.0,1389.25,1035.875,22500.0,1.625,3009.25,0.0,185.875,23441.625,1322.375,1115.625,22500.0,1.625,2950.5,0.0,183.25,23113.25,1258.75,1169.0,22500.0,1.625,8,Major Hub
AEC,BL26,BL,รฟม.,BEM,สีลม,BTS ศาลาแดง  และ MRT สีลม,25542.0,12,20,2,0,0,4,0,0,7,3,3,0,7,0,0.0,0.0,27.0,35.5,3.0,128.0,160.0,280.0,0.0,0.0,110.0,110.0,110.0,110.0,0.0,0.0,0,0,6.0,6.0,0.0,0.0,6.0,6.0,0.0,0.0,6.0,12.2,87,5.54,2.5,15.0,1.99,10281.8,8011.8,8011.8,2270.0,10602.3,8296.8,0.0,0.0,0.0,0.0,10281.8,100.0,7831.8,76.2,2050.0,19.9,400.0,3.9,0.0,0.0,0.0,0.0,10281.8,100.0,2627.25,0.0,187.5,22172.0,1497.625,786.5,22500.0,1.625,2630.125,0.0,188.375,22249.375,1489.875,824.5,22500.0,1.625,3079.625,0.0,192.5,23743.625,1459.625,925.125,22500.0,1.625,3067.5,0.0,190.25,23728.0,1389.25,1035.875,22500.0,1.625,3009.25,0.0,185.875,23441.625,1322.375,1115.625,22500.0,1.625,2950.5,0.0,183.25,23113.25,1258.75,1169.0,22500.0,1.625,8,Major Hub
AEC,S06,BTS,กทม. (ผ่าน กรุงเทพธนาคม),BTSC (BTS Group),สะพานตากสิน,BTS สะพานตากสิน,13908.0,8,7,1,0,0,5,0,1,2,0,2,1,2,0,22.0,22.0,52.0,52.0,110.0,125.0,20.0,20.0,0.0,0.0,0.0,0.0,20.0,20.0,0.0,0.0,0,0,30.0,30.0,0.0,0.0,86.0,86.0,0.0,0.0,30.0,30.0,68,4.77,1.5,12.0,1.92,4687.0,2674.0,2674.0,2013.0,7026.8,2622.1,0.0,0.0,0.0,0.0,4687.0,100.0,2997.0,63.9,760.0,16.2,930.0,19.8,800.0,17.1,3493.0,74.5,394.0,8.4,4255.5,0.0,573.625,15863.625,2546.5,580.875,4509.375,0.125,4044.0,0.0,575.75,16018.125,2533.0,608.75,4509.375,0.125,3883.875,0.0,588.125,16702.75,2481.875,683.25,4509.375,0.125,3696.75,0.0,581.375,16885.875,2362.25,764.75,4509.375,0.125,3472.125,0.0,568.0,16884.5,2248.5,823.5,4509.375,0.125,3272.25,0.0,560.25,16842.875,2140.375,863.125,4509.375,0.125,8,Intermodal Transportation Hub
AEC,E15,BTS,กทม. (ผ่าน กรุงเทพธนาคม),BTSC (BTS Group),สำโรง,BTS สำโรง และ MRT  สำโรง,16742.0,5,10,2,1,2,1,0,0,5,1,1,5,0,0,5.0,37.75,0.0,0.0,5.0,69.5,5.0,32.5,120.0,120.0,300.0,300.0,98.0,98.0,0.0,0.0,0,0,99.0,194.5,5.0,10.5,290.0,290.0,0.0,0.0,5.0,29.6,67,4.54,2.5,12.0,2.34,5984.0,5534.0,5534.0,450.0,8341.5,4600.2,0.0,0.0,4600.0,76.9,1384.0,23.1,1584.0,26.5,3700.0,61.8,700.0,11.7,0.0,0.0,5500.0,91.9,484.0,8.1,11605.25,0.0,3608.75,7661.5,1290.5,120.75,74500.0,0.0,11910.0,0.0,3719.0,7868.0,1281.75,130.0,74500.0,0.0,12224.0,0.0,3999.25,8459.75,1249.5,156.0,74500.0,0.0,12173.5,0.0,4194.75,8886.5,1224.25,186.5,74500.0,0.0,12076.5,0.0,4356.0,9252.75,1199.5,209.5,74500.0,0.0,12018.25,0.0,4549.25,9688.25,1175.5,225.75,74500.0,0.0,4,Interchange Station
AEC,YL23,YL,รฟม.,BTS Group (EBM),สำโรง,BTS สำโรง และ MRT  สำโรง,4158.0,5,10,2,1,2,1,0,0,5,1,1,5,0,0,5.0,37.75,0.0,0.0,5.0,69.5,5.0,32.5,120.0,120.0,300.0,300.0,98.0,98.0,0.0,0.0,0,0,99.0,194.5,5.0,10.5,290.0,290.0,0.0,0.0,5.0,29.6,67,4.54,2.5,12.0,2.34,5984.0,5534.0,5534.0,450.0,8341.5,4600.2,0.0,0.0,4600.0,76.9,1384.0,23.1,1584.0,26.5,3700.0,61.8,700.0,11.7,0.0,0.0,5500.0,91.9,484.0,8.1,11605.25,0.0,3608.75,7661.5,1290.5,120.75,74500.0,0.0,11910.0,0.0,3719.0,7868.0,1281.75,130.0,74500.0,0.0,12224.0,0.0,3999.25,8459.75,1249.5,156.0,74500.0,0.0,12173.5,0.0,4194.75,8886.5,1224.25,186.5,74500.0,0.0,12076.5,0.0,4356.0,9252.75,1199.5,209.5,74500.0,0.0,12018.25,0.0,4549.25,9688.25,1175.5,225.75,74500.0,0.0,4,Interchange Station
AEC,N08,BTS,กทม. (ผ่าน กรุงเทพธนาคม),BTSC (BTS Group),หมอชิต,BTS หมอชิต และ MRT สวนจตุจักร,35483.0,7,14,0,0,6,1,0,3,4,1,0,2,0,0,16.0,208.0,0.0,0.0,15.0,58.0,5.0,67.5,0.0,0.0,300.0,300.0,0.0,0.0,0.0,0.0,0,0,0.0,0.0,8.0,50.75,200.0,200.0,0.0,0.0,5.0,12.6,39,5.87,3.5,15.0,2.04,6520.0,4355.0,4355.0,2165.0,7658.5,4239.6,0.0,0.0,0.0,0.0,6520.0,100.0,0.0,0.0,2656.0,40.7,3864.0,59.3,0.0,0.0,76.0,1.2,6444.0,98.8,6500.2,0.0,49.6,12159.6,369.8,20.2,0.0,4.6,6751.8,0.0,49.8,12256.0,367.8,21.0,0.0,4.6,7225.4,0.0,51.2,15045.2,360.4,23.8,69020.6,4.6,7478.8,0.0,50.4,15139.4,343.0,26.4,69020.6,4.6,7601.2,0.0,49.4,15087.6,326.4,28.6,69020.6,4.6,7710.6,0.0,48.6,15005.0,310.8,30.0,69020.6,4.6,5,Interchange Station
AEC,BL13,BL,รฟม.,BEM,สวนจตุจักร,BTS หมอชิต และ MRT สวนจตุจักร,29619.0,7,14,0,0,6,1,0,3,4,1,0,2,0,0,16.0,208.0,0.0,0.0,15.0,58.0,5.0,67.5,0.0,0.0,300.0,300.0,0.0,0.0,0.0,0.0,0,0,0.0,0.0,8.0,50.75,200.0,200.0,0.0,0.0,5.0,12.6,39,5.87,3.5,15.0,2.04,6520.0,4355.0,4355.0,2165.0,7658.5,4239.6,0.0,0.0,0.0,0.0,6520.0,100.0,0.0,0.0,2656.0,40.7,3864.0,59.3,0.0,0.0,76.0,1.2,6444.0,98.8,6500.2,0.0,49.6,12159.6,369.8,20.2,0.0,4.6,6751.8,0.0,49.8,12256.0,367.8,21.0,0.0,4.6,7225.4,0.0,51.2,15045.2,360.4,23.8,69020.6,4.6,7478.8,0.0,50.4,15139.4,343.0,26.4,69020.6,4.6,7601.2,0.0,49.4,15087.6,326.4,28.6,69020.6,4.6,7710.6,0.0,48.6,15005.0,310.8,30.0,69020.6,4.6,5,Interchange Station
AEC,N09,BTS,กทม. (ผ่าน กรุงเทพธนาคม),BTSC (BTS Group),5 แยกลาดพร้าว,BTS ห้าแยกลาดพร้าว และ MRT พหลโยธิน,26705.0,11,13,0,0,4,0,0,0,5,1,1,8,7,0,2.0,28.33333333333333,9.0,20.25,10.0,80.66666666666667,5.0,32.8,0.0,0.0,50.0,50.0,0.0,0.0,0.0,0.0,0,0,0.0,0.0,5.0,58.333333333333336,0.0,0.0,0.0,0.0,5.0,73.125,109,5.18,2.0,21.0,1.8,8614.0,8014.0,8014.0,600.0,13566.8,6575.7,0.0,0.0,450.0,5.2,7474.0,86.8,4592.0,53.3,2422.0,28.1,1600.0,18.6,290.0,3.4,1204.0,14.0,7120.0,82.7,5191.333333333333,0.0,73.66666666666667,9381.5,729.5,142.16666666666666,76666.66666666667,2.0,5323.333333333333,0.0,73.83333333333333,9432.666666666666,725.6666666666666,149.0,76666.66666666667,2.0,5523.833333333333,0.0,75.66666666666667,9773.166666666666,711.0,167.16666666666666,76666.66666666667,2.0,5659.166666666667,0.0,74.83333333333333,9802.166666666666,676.6666666666666,187.16666666666663,76666.66666666667,2.0,5695.5,0.0,72.83333333333333,9717.5,644.1666666666666,201.5,76666.66666666667,2.0,5726.5,0.0,71.83333333333333,9612.5,613.1666666666666,211.16666666666663,76666.66666666667,2.0,6,Interchange Station
AEC,BL14,BL,รฟม.,BEM,พหลโยธิน,BTS ห้าแยกลาดพร้าว และ MRT พหลโยธิน,16411.0,11,13,0,0,4,0,0,0,5,1,1,8,7,0,2.0,28.33333333333333,9.0,20.25,10.0,80.66666666666667,5.0,32.8,0.0,0.0,50.0,50.0,0.0,0.0,0.0,0.0,0,0,0.0,0.0,5.0,58.333333333333336,0.0,0.0,0.0,0.0,5.0,73.125,109,5.18,2.0,21.0,1.8,8614.0,8014.0,8014.0,600.0,13566.8,6575.7,0.0,0.0,450.0,5.2,7474.0,86.8,4592.0,53.3,2422.0,28.1,1600.0,18.6,290.0,3.4,1204.0,14.0,7120.0,82.7,5191.333333333333,0.0,73.66666666666667,9381.5,729.5,142.16666666666666,76666.66666666667,2.0,5323.333333333333,0.0,73.83333333333333,9432.666666666666,725.6666666666666,149.0,76666.66666666667,2.0,5523.833333333333,0.0,75.66666666666667,9773.166666666666,711.0,167.16666666666666,76666.66666666667,2.0,5659.166666666667,0.0,74.83333333333333,9802.166666666666,676.6666666666666,187.16666666666663,76666.66666666667,2.0,5695.5,0.0,72.83333333333333,9717.5,644.1666666666666,201.5,76666.66666666667,2.0,5726.5,0.0,71.83333333333333,9612.5,613.1666666666666,211.16666666666663,76666.66666666667,2.0,6,Interchange Station
AEC,N03,BTS,กทม. (ผ่าน กรุงเทพธนาคม),BTSC (BTS Group),อนุสาวรีย์ชัยสมรภูมิ,BTS อนุสาวรีย์ชัยสมรภูมิ,22424.0,13,22,0,0,2,2,0,5,5,0,0,3,2,0,12.0,32.0,32.0,32.0,29.0,59.5,10.0,10.0,0.0,0.0,0.0,0.0,0.0,0.0,0.0,0.0,0,0,0.0,0.0,190.0,190.0,250.0,250.0,0.0,0.0,5.0,16.75,54,5.56,3.0,15.0,2.07,6569.0,6309.0,6309.0,260.0,5952.6,4867.3,0.0,0.0,0.0,0.0,6569.0,100.0,1310.0,19.9,3849.0,58.6,1410.0,21.5,0.0,0.0,0.0,0.0,6569.0,100.0,6300.875,0.0,406.5,10786.125,1472.0,425.75,18750.0,0.625,6101.875,0.0,408.25,10848.125,1464.25,446.375,18750.0,0.625,5984.375,0.0,417.0,11243.75,1434.75,500.875,18750.0,0.625,5819.875,0.0,412.125,11282.625,1365.5,560.75,18750.0,0.625,5585.375,0.0,402.375,11190.625,1299.875,603.75,18750.0,0.625,5377.5,0.0,397.125,11074.625,1237.0,632.75,18750.0,0.625,8,Intermodal Transportation Hub
AEC,E04,BTS,กทม. (ผ่าน กรุงเทพธนาคม),BTSC (BTS Group),อโศก,BTS อโศก และ MRT สุขุมวิท,52388.0,10,14,0,0,4,2,0,0,0,1,1,6,8,0,4.0,16.5,4.0,24.8,55.0,118.8,0.0,0.0,0.0,0.0,49.0,49.0,49.0,49.0,0.0,0.0,0,0,0.0,0.0,5.0,70.75,160.0,160.0,0.0,0.0,5.0,50.625,77,5.62,3.0,12.0,2.11,9538.0,7301.0,7301.0,2237.0,10130.5,6895.1,0.0,0.0,0.0,0.0,9538.0,100.0,4148.0,43.5,3990.0,41.8,1400.0,14.7,0.0,0.0,240.0,2.5,9298.0,97.5,9626.8,0.0,209.2,17849.0,656.4,2799.6,32789.6,1.0,9243.8,0.0,210.4,17961.8,653.0,2934.6,32789.6,1.0,8999.8,0.0,215.0,18633.2,639.6,3293.6,32789.6,1.0,8700.4,0.0,212.2,18717.6,608.8,3687.8,32789.6,1.0,8309.4,0.0,207.4,18585.8,579.4,3970.8,32789.6,1.0,7968.2,0.0,204.6,18413.6,551.6,4161.4,32789.6,1.0,5,Major Hub
AEC,BL22,BL,รฟม.,BEM,สุขุมวิท,BTS อโศก และ MRT สุขุมวิท,44114.0,10,14,0,0,4,2,0,0,0,1,1,6,8,0,4.0,16.5,4.0,24.8,55.0,118.8,0.0,0.0,0.0,0.0,49.0,49.0,49.0,49.0,0.0,0.0,0,0,0.0,0.0,5.0,70.75,160.0,160.0,0.0,0.0,5.0,50.625,77,5.62,3.0,12.0,2.11,9538.0,7301.0,7301.0,2237.0,10130.5,6895.1,0.0,0.0,0.0,0.0,9538.0,100.0,4148.0,43.5,3990.0,41.8,1400.0,14.7,0.0,0.0,240.0,2.5,9298.0,97.5,9626.8,0.0,209.2,17849.0,656.4,2799.6,32789.6,1.0,9243.8,0.0,210.4,17961.8,653.0,2934.6,32789.6,1.0,8999.8,0.0,215.0,18633.2,639.6,3293.6,32789.6,1.0,8700.4,0.0,212.2,18717.6,608.8,3687.8,32789.6,1.0,8309.4,0.0,207.4,18585.8,579.4,3970.8,32789.6,1.0,7968.2,0.0,204.6,18413.6,551.6,4161.4,32789.6,1.0,5,Major Hub
AEC,BL01,BL,รฟม.,BEM,ท่าพระ,MRT ท่าพระ,8544.0,11,5,0,0,0,0,0,0,0,0,0,6,0,0,10.0,13.666666666666666,0.0,0.0,170.0,204.0,0.0,0.0,0.0,0.0,0.0,0.0,0.0,0.0,0.0,0.0,0,0,0.0,0.0,0.0,0.0,0.0,0.0,0.0,0.0,5.0,7.5,106,4.88,2.5,15.0,2.01,3993.0,3993.0,3993.0,0.0,8394.2,3993.3,0.0,0.0,465.0,11.6,3528.0,88.4,2543.0,63.7,1450.0,36.3,0.0,0.0,0.0,0.0,465.0,11.6,3528.0,88.4,7308.25,0.0,901.5,2204.5,1225.25,25.25,0.0,0.5,7072.75,0.0,905.25,2212.75,1219.0,26.5,0.0,0.5,6897.5,0.0,924.5,2286.25,1194.25,29.75,0.0,0.5,6644.75,0.0,914.0,2284.75,1136.75,33.25,0.0,0.5,6300.75,0.0,892.75,2256.5,1082.0,35.75,0.0,0.5,5984.25,0.0,880.75,2223.75,1029.75,37.5,0.0,0.5,4,Interchange Station
AEC,BL11,BL,รฟม.,BEM,บางซื่อ,MRT บางซื่อ และ SRT กรงเทพอภิวัฒน์,14635.0,3,3,0,0,2,0,0,0,0,0,0,0,0,0,0.0,0.0,0.0,0.0,3.0,11.666666666666666,0.0,0.0,0.0,0.0,0.0,0.0,0.0,0.0,0.0,0.0,0,0,0.0,0.0,5.0,10.0,0.0,0.0,0.0,0.0,10.0,17.666666666666668,19,6.67,3.0,12.0,1.57,2869.0,2499.0,2499.0,370.0,2264.3,2128.3,0.0,0.0,1787.0,62.3,1082.0,37.7,2334.0,81.4,258.0,9.0,277.0,9.7,0.0,0.0,2511.0,87.5,358.0,12.5,6731.0,0.0,120.66666666666669,3330.0,484.0,0.0,11404.333333333334,0.0,6592.0,0.0,121.0,3343.0,481.6666666666667,0.0,11404.333333333334,0.0,28986.0,0.0,123.66666666666669,12532.666666666666,471.6666666666667,0.0,146037.66666666666,0.0,51809.666666666664,0.0,122.33333333333331,18201.333333333332,449.0,0.0,254971.0,0.0,51575.0,0.0,119.33333333333331,18164.0,427.3333333333333,0.0,254971.0,0.0,51359.333333333336,0.0,117.66666666666669,18121.666666666668,407.0,0.0,254971.0,0.0,3,Intermodal Transportation Hub
AEC,RN01,RW/RN,รฟท.,บ. รถไฟฟ้า ร.ฟ.ท.,กรุงเทพอภิวัฒน์,MRT บางซื่อ และ SRT กรงเทพอภิวัฒน์,9347.636364,3,3,0,0,2,0,0,0,0,0,0,0,0,0,0.0,0.0,0.0,0.0,3.0,11.666666666666666,0.0,0.0,0.0,0.0,0.0,0.0,0.0,0.0,0.0,0.0,0,0,0.0,0.0,5.0,10.0,0.0,0.0,0.0,0.0,10.0,17.666666666666668,19,6.67,3.0,12.0,1.57,2869.0,2499.0,2499.0,370.0,2264.3,2128.3,0.0,0.0,1787.0,62.3,1082.0,37.7,2334.0,81.4,258.0,9.0,277.0,9.7,0.0,0.0,2511.0,87.5,358.0,12.5,6731.0,0.0,120.66666666666669,3330.0,484.0,0.0,11404.333333333334,0.0,6592.0,0.0,121.0,3343.0,481.6666666666667,0.0,11404.333333333334,0.0,28986.0,0.0,123.66666666666669,12532.666666666666,471.6666666666667,0.0,146037.66666666666,0.0,51809.666666666664,0.0,122.33333333333331,18201.333333333332,449.0,0.0,254971.0,0.0,51575.0,0.0,119.33333333333331,18164.0,427.3333333333333,0.0,254971.0,0.0,51359.333333333336,0.0,117.66666666666669,18121.666666666668,407.0,0.0,254971.0,0.0,3,Intermodal Transportation Hub
AEC,PP15,PP,รฟม.,BEM,บางซ่อน,MRT บางซ่อน และ SRT บางซ่อน,4510.0,12,11,0,0,0,2,0,0,0,2,4,4,0,0,4.0,21.33333333333333,0.0,0.0,5.0,94.2,0.0,0.0,0.0,0.0,160.0,160.0,64.0,128.0,0.0,0.0,0,0,0.0,0.0,0.0,0.0,63.0,63.0,0.0,0.0,6.0,31.6,98,3.94,2.5,12.0,1.8,4918.0,4884.0,4884.0,34.0,8783.7,4759.1,0.0,0.0,0.0,0.0,4918.0,100.0,818.0,16.6,2050.0,41.7,2050.0,41.7,0.0,0.0,1200.0,24.4,3718.0,75.6,13180.8,0.0,628.6,5089.8,994.6,0.0,3196.8,0.2,12800.6,0.0,631.2,5094.4,989.4,0.0,3196.8,0.2,12504.0,0.0,644.8,5241.2,969.4,0.0,3196.8,0.2,12040.4,0.0,637.4,5210.4,922.8,0.0,3196.8,0.2,11390.6,0.0,622.6,5115.6,878.2,0.0,3196.8,0.2,10780.8,0.0,614.0,5010.8,835.8,0.0,3196.8,0.2,5,Interchange Station
AEC,RW02,RW/RN,รฟท.,บ. รถไฟฟ้า ร.ฟ.ท.,บางซ่อน,MRT บางซ่อน และ SRT บางซ่อน,519.0,12,11,0,0,0,2,0,0,0,2,4,4,0,0,4.0,21.33333333333333,0.0,0.0,5.0,94.2,0.0,0.0,0.0,0.0,160.0,160.0,64.0,128.0,0.0,0.0,0,0,0.0,0.0,0.0,0.0,63.0,63.0,0.0,0.0,6.0,31.6,98,3.94,2.5,12.0,1.8,4918.0,4884.0,4884.0,34.0,8783.7,4759.1,0.0,0.0,0.0,0.0,4918.0,100.0,818.0,16.6,2050.0,41.7,2050.0,41.7,0.0,0.0,1200.0,24.4,3718.0,75.6,13180.8,0.0,628.6,5089.8,994.6,0.0,3196.8,0.2,12800.6,0.0,631.2,5094.4,989.4,0.0,3196.8,0.2,12504.0,0.0,644.8,5241.2,969.4,0.0,3196.8,0.2,12040.4,0.0,637.4,5210.4,922.8,0.0,3196.8,0.2,11390.6,0.0,622.6,5115.6,878.2,0.0,3196.8,0.2,10780.8,0.0,614.0,5010.8,835.8,0.0,3196.8,0.2,5,Interchange Station
AEC,BL09,BL,รฟม.,BEM,บางโพ,MRT บางโพ,5028.0,8,7,0,0,0,1,0,0,0,0,0,5,0,0,5.0,73.25,0.0,0.0,120.0,210.0,0.0,0.0,0.0,0.0,0.0,0.0,0.0,0.0,0.0,0.0,0,0,0.0,0.0,0.0,0.0,220.0,220.0,0.0,0.0,9.0,28.666666666666668,74,4.23,2.5,9.0,2.55,3300.0,3300.0,3300.0,0.0,5268.9,3263.5,0.0,0.0,0.0,0.0,3300.0,100.0,0.0,0.0,2000.0,60.6,1300.0,39.4,0.0,0.0,0.0,0.0,3300.0,100.0,15501.833333333334,0.0,738.6666666666666,5302.166666666667,1608.6666666666667,65.5,15833.333333333334,0.1666666666666666,15124.333333333334,0.0,741.5,5325.5,1599.8333333333333,68.66666666666667,15833.333333333334,0.1666666666666666,14855.333333333334,0.0,757.3333333333334,5858.5,1567.5,77.0,15833.333333333334,0.1666666666666666,14393.333333333334,0.0,748.6666666666666,5864.333333333333,1492.1666666666667,86.33333333333333,15833.333333333334,0.1666666666666666,13709.833333333334,0.0,731.3333333333334,5805.666666666667,1420.3333333333333,93.0,15833.333333333334,0.1666666666666666,13067.333333333334,0.0,721.5,5736.666666666667,1351.8333333333333,97.33333333333331,15833.333333333334,0.1666666666666666,6,Local Station
AEC,BL15,BL,รฟม.,BEM,ลาดพร้าว,MRT ลาดพร้าว สีน้ำเงิน และ MRT ลาดพร้าว สีเหลือง,20450.0,7,10,0,0,0,0,0,0,3,1,1,6,1,0,9.0,76.33333333333333,51.0,51.0,20.0,62.5,2.0,27.666666666666668,0.0,0.0,9.0,9.0,9.0,9.0,0.0,0.0,0,0,0.0,0.0,0.0,0.0,0.0,0.0,0.0,0.0,2.0,56.66666666666666,114,5.15,3.0,12.0,2.43,4697.0,4697.0,4697.0,0.0,13848.2,4616.1,0.0,0.0,570.0,12.1,3777.0,80.4,2549.0,54.3,1828.0,38.9,320.0,6.8,0.0,0.0,1189.0,25.3,3508.0,74.7,5747.5,0.0,195.0,2129.75,1862.75,378.0,12214.5,0.25,5936.5,0.0,195.75,2120.0,1852.75,396.0,12214.5,0.25,6161.5,0.0,200.0,2163.0,1815.25,444.5,12214.5,0.25,6277.25,0.0,197.75,2128.75,1728.0,497.5,12214.5,0.25,6256.5,0.0,193.0,2068.0,1644.75,535.75,12214.5,0.25,6213.75,0.0,190.5,2005.25,1565.5,561.5,12214.5,0.25,4,Interchange Station
AEC,YL01,YL,รฟม.,BTS Group (EBM),ลาดพร้าว,MRT ลาดพร้าว สีน้ำเงิน และ MRT ลาดพร้าว สีเหลือง,10796.0,7,10,0,0,0,0,0,0,3,1,1,6,1,0,9.0,76.33333333333333,51.0,51.0,20.0,62.5,2.0,27.666666666666668,0.0,0.0,9.0,9.0,9.0,9.0,0.0,0.0,0,0,0.0,0.0,0.0,0.0,0.0,0.0,0.0,0.0,2.0,56.66666666666666,114,5.15,3.0,12.0,2.43,4697.0,4697.0,4697.0,0.0,13848.2,4616.1,0.0,0.0,570.0,12.1,3777.0,80.4,2549.0,54.3,1828.0,38.9,320.0,6.8,0.0,0.0,1189.0,25.3,3508.0,74.7,5747.5,0.0,195.0,2129.75,1862.75,378.0,12214.5,0.25,5936.5,0.0,195.75,2120.0,1852.75,396.0,12214.5,0.25,6161.5,0.0,200.0,2163.0,1815.25,444.5,12214.5,0.25,6277.25,0.0,197.75,2128.75,1728.0,497.5,12214.5,0.25,6256.5,0.0,193.0,2068.0,1644.75,535.75,12214.5,0.25,6213.75,0.0,190.5,2005.25,1565.5,561.5,12214.5,0.25,4,Interchange Station
AEC,PP11,PP,รฟม.,BEM,ศูนย์ราชการนนทบุรี,MRT ศูนย์ราชการนนทบุรี (สีม่วง) และ ศูนย์ราชการนนทบุรี (สีชมพู),5266.0,12,6,0,0,3,0,0,0,5,1,1,11,0,0,5.0,29.0,0.0,0.0,6.0,70.16666666666667,9.0,123.0,0.0,0.0,79.0,79.0,79.0,79.0,0.0,0.0,0,0,0.0,0.0,25.0,62.333333333333336,0.0,0.0,0.0,0.0,2.0,63.0,81,4.89,3.0,10.0,1.91,6598.0,6598.0,6598.0,0.0,13804.2,6290.0,0.0,0.0,0.0,0.0,6598.0,100.0,2319.0,35.1,2180.0,33.0,2099.0,31.8,0.0,0.0,0.0,0.0,6598.0,100.0,7113.666666666667,0.0,368.8333333333333,7934.333333333333,543.1666666666666,33.666666666666664,16666.666666666668,0.0,6761.833333333333,0.0,375.5,8059.0,539.3333333333334,36.333333333333336,16666.666666666668,0.0,6729.5,0.0,392.8333333333333,8434.166666666666,525.3333333333334,43.833333333333336,16666.666666666668,0.0,6720.833333333333,0.0,411.3333333333333,8840.5,516.3333333333334,52.833333333333336,16666.666666666668,0.0,6684.833333333333,0.0,427.0,9189.333333333334,507.5,59.5,16666.666666666668,0.0,6672.166666666667,0.0,443.6666666666667,9563.5,498.6666666666667,64.16666666666667,16666.666666666668,0.0,6,Interchange Station
AEC,PK01,PK,รฟม.,BTS Group (NBM),ศูนย์ราชการนนทบุรี,MRT ศูนย์ราชการนนทบุรี (สีม่วง) และ ศูนย์ราชการนนทบุรี (สีชมพู),3117.0,12,6,0,0,3,0,0,0,5,1,1,11,0,0,5.0,29.0,0.0,0.0,6.0,70.16666666666667,9.0,123.0,0.0,0.0,79.0,79.0,79.0,79.0,0.0,0.0,0,0,0.0,0.0,25.0,62.333333333333336,0.0,0.0,0.0,0.0,2.0,63.0,81,4.89,3.0,10.0,1.91,6598.0,6598.0,6598.0,0.0,13804.2,6290.0,0.0,0.0,0.0,0.0,6598.0,100.0,2319.0,35.1,2180.0,33.0,2099.0,31.8,0.0,0.0,0.0,0.0,6598.0,100.0,7113.666666666667,0.0,368.8333333333333,7934.333333333333,543.1666666666666,33.666666666666664,16666.666666666668,0.0,6761.833333333333,0.0,375.5,8059.0,539.3333333333334,36.333333333333336,16666.666666666668,0.0,6729.5,0.0,392.8333333333333,8434.166666666666,525.3333333333334,43.833333333333336,16666.666666666668,0.0,6720.833333333333,0.0,411.3333333333333,8840.5,516.3333333333334,52.833333333333336,16666.666666666668,0.0,6684.833333333333,0.0,427.0,9189.333333333334,507.5,59.5,16666.666666666668,0.0,6672.166666666667,0.0,443.6666666666667,9563.5,498.6666666666667,64.16666666666667,16666.666666666668,0.0,6,Interchange Station
AEC,BL31,BL,รฟม.,BEM,สนามไชย,MRT สนามไชย,9083.0,16,3,0,0,3,15,0,0,0,0,0,1,0,0,500.0,500.0,0.0,0.0,41.0,85.5,0.0,0.0,0.0,0.0,0.0,0.0,0.0,0.0,0.0,0.0,0,0,0.0,0.0,140.0,140.0,12.0,28.5,0.0,0.0,5.0,97.5,65,5.45,2.5,18.0,1.75,12935.5,6678.5,6678.5,6257.0,6238.7,5896.0,0.0,0.0,0.0,0.0,12385.5,95.7,6135.5,47.4,5871.0,45.4,929.0,7.2,1858.0,14.4,2599.0,20.1,8478.5,65.5,5133.428571428572,0.0,152.28571428571428,5073.428571428572,7644.714285714285,92.28571428571428,2612.8571428571427,11.285714285714286,4691.857142857143,0.0,152.85714285714286,5090.0,7604.428571428572,96.57142857142856,2612.8571428571427,11.285714285714286,4333.714285714285,0.0,156.28571428571428,5256.285714285715,7450.571428571428,108.71428571428572,2612.8571428571427,11.285714285714286,3975.428571428571,0.0,154.42857142857142,5250.428571428572,7091.857142857143,121.85714285714286,2612.8571428571427,11.285714285714286,3606.428571428571,0.0,150.85714285714286,5182.428571428572,6750.285714285715,130.85714285714286,2612.8571428571427,11.285714285714286,3291.5714285714284,0.0,148.85714285714286,5104.714285714285,6424.857142857143,137.42857142857142,2612.8571428571427,11.285714285714286,7,Local Station
AEC,BL28,BL,รฟม.,BEM,หัวลำโพง,MRT หัวลำโพง,7900.0,15,5,0,0,2,7,0,0,5,2,2,3,3,0,9.0,12.0,15.0,92.5,49.0,65.66666666666667,53.0,101.5,0.0,0.0,130.0,130.0,130.0,130.0,0.0,0.0,0,0,0.0,0.0,190.0,190.0,15.0,15.0,0.0,0.0,2.0,2.0,148,5.16,1.5,15.0,2.1,14569.0,9817.0,9817.0,4752.0,11750.8,9119.2,0.0,0.0,941.0,6.5,13628.0,93.5,7460.0,51.2,3399.0,23.3,3710.0,25.5,700.0,4.8,4342.0,29.8,9527.0,65.4,5339.444444444444,0.0,118.88888888888889,8180.444444444444,1207.888888888889,296.22222222222223,0.0,1.2222222222222223,4883.333333333333,0.0,119.55555555555556,8195.666666666666,1201.6666666666667,310.44444444444446,0.0,1.2222222222222223,4510.444444444444,0.0,122.0,8511.777777777777,1177.111111111111,348.44444444444446,0.0,1.2222222222222223,4134.555555555556,0.0,120.44444444444444,8479.888888888889,1120.5555555555557,390.22222222222223,0.0,1.2222222222222223,3745.8888888888887,0.0,117.77777777777776,8346.333333333334,1066.4444444444443,419.8888888888889,0.0,1.2222222222222223,3412.777777777778,0.0,116.11111111111111,8198.666666666666,1015.1111111111112,440.0,0.0,1.2222222222222223,9,Intermodal Transportation Hub
AEC,BL10,BL,รฟม.,BEM,เตาปูน,MRT เตาปูน,7300.0,9,14,0,0,0,8,0,0,1,0,0,4,0,0,4.0,45.66666666666666,0.0,0.0,83.0,108.25,40.0,40.0,0.0,0.0,0.0,0.0,0.0,0.0,0.0,0.0,0,0,0.0,0.0,0.0,0.0,21.0,107.0,0.0,0.0,6.0,21.25,113,4.16,2.0,10.0,1.95,5103.0,5067.0,5067.0,36.0,7357.8,4761.0,0.0,0.0,365.0,7.2,4388.0,86.0,2553.0,50.0,1750.0,34.3,800.0,15.7,0.0,0.0,750.0,14.7,4353.0,85.3,18973.25,0.0,765.0,6257.5,1027.75,0.0,8553.25,0.25,18498.0,0.0,767.75,6280.25,1022.25,0.0,8553.25,0.25,18153.75,0.0,784.25,7013.5,1001.5,0.0,8553.25,0.25,17573.0,0.0,775.5,7010.5,953.25,0.0,8553.25,0.25,16722.25,0.0,757.25,6930.75,907.5,0.0,8553.25,0.25,15922.75,0.0,747.25,6838.5,863.75,0.0,8553.25,0.25,4,Interchange Station
AEC,BL21,BL,รฟม.,BEM,เพชรบุรี,MRT เพชรบุรี และ ARL มักกะสัน,35458.0,9,9,0,0,1,0,0,0,3,4,4,5,0,0,3.0,110.0,0.0,0.0,5.0,35.666666666666664,9.0,15.5,0.0,0.0,87.0,163.5,87.0,163.5,0.0,0.0,0,0,0.0,0.0,9.0,9.0,0.0,0.0,0.0,0.0,10.0,74.83333333333333,61,6.43,3.0,12.0,2.43,6198.0,6198.0,6198.0,0.0,13069.3,6026.7,0.0,0.0,450.0,7.3,5558.0,89.7,4176.0,67.4,2022.0,32.6,0.0,0.0,920.0,14.8,300.0,4.8,4978.0,80.3,1814.6666666666667,0.0,95.5,3620.5,5646.666666666667,369.0,0.0,0.0,1969.6666666666667,0.0,95.83333333333331,3620.3333333333335,5616.833333333333,387.0,0.0,0.0,15958.833333333334,0.0,98.0,11253.666666666666,5503.333333333333,434.0,188352.0,0.0,16119.333333333334,0.0,96.83333333333331,11227.166666666666,5238.166666666667,486.1666666666667,188352.0,0.0,16235.333333333334,0.0,94.66666666666669,11156.166666666666,4985.833333333333,523.3333333333334,188352.0,0.0,16341.666666666666,0.0,93.0,11080.833333333334,4745.666666666667,548.6666666666666,188352.0,0.0,6,Interchange Station
AEC,A06,ARL,รฟท.,บ. รถไฟฟ้า ร.ฟ.ท.,มักกะสัน,MRT เพชรบุรี และ ARL มักกะสัน,13594.78947,9,9,0,0,1,0,0,0,3,4,4,5,0,0,3.0,110.0,0.0,0.0,5.0,35.666666666666664,9.0,15.5,0.0,0.0,87.0,163.5,87.0,163.5,0.0,0.0,0,0,0.0,0.0,9.0,9.0,0.0,0.0,0.0,0.0,10.0,74.83333333333333,61,6.43,3.0,12.0,2.43,6198.0,6198.0,6198.0,0.0,13069.3,6026.7,0.0,0.0,450.0,7.3,5558.0,89.7,4176.0,67.4,2022.0,32.6,0.0,0.0,920.0,14.8,300.0,4.8,4978.0,80.3,1814.6666666666667,0.0,95.5,3620.5,5646.666666666667,369.0,0.0,0.0,1969.6666666666667,0.0,95.83333333333331,3620.3333333333335,5616.833333333333,387.0,0.0,0.0,15958.833333333334,0.0,98.0,11253.666666666666,5503.333333333333,434.0,188352.0,0.0,16119.333333333334,0.0,96.83333333333331,11227.166666666666,5238.166666666667,486.1666666666667,188352.0,0.0,16235.333333333334,0.0,94.66666666666669,11156.166666666666,4985.833333333333,523.3333333333334,188352.0,0.0,16341.666666666666,0.0,93.0,11080.833333333334,4745.666666666667,548.6666666666666,188352.0,0.0,6,Interchange Station
AEC,PK10,PK,รฟม.,BTS Group (NBM),เมืองทองธานี,MRT เมืองทองธานี,1281.0,5,2,0,0,0,1,0,0,3,0,0,9,0,0,6.0,31.75,0.0,0.0,170.0,183.33333333333337,7.0,50.333333333333336,0.0,0.0,0.0,0.0,0.0,0.0,0.0,0.0,0,0,0.0,0.0,0.0,0.0,220.0,220.0,0.0,0.0,250.0,250.0,37,5.46,3.5,12.0,1.31,3120.0,2880.0,2880.0,240.0,5892.9,2782.7,0.0,0.0,2350.0,75.3,770.0,24.7,2620.0,84.0,500.0,16.0,0.0,0.0,240.0,7.7,2140.0,68.6,740.0,23.7,4917.333333333333,0.0,726.6666666666666,9297.0,21.0,117.33333333333331,5291.0,0.0,4707.666666666667,0.0,739.0,9457.666666666666,21.0,126.33333333333331,5291.0,0.0,4711.333333333333,0.0,773.6666666666666,9907.333333333334,20.333333333333332,152.66666666666666,5291.0,0.0,4511.0,0.0,810.0,10388.0,20.0,183.66666666666663,5291.0,0.0,4242.666666666667,0.0,840.6666666666666,10797.333333333334,19.666666666666668,207.0,5291.0,0.0,3961.0,0.0,874.0,11236.0,19.333333333333332,224.0,5291.0,0.0,3,Destination Gateway
AEC,RN08,RW/RN,รฟท.,บ. รถไฟฟ้า ร.ฟ.ท.,ดอนเมือง,SRT ดอนเมือง,6600.0,3,4,0,0,1,0,0,0,5,6,2,5,0,0,5.0,26.0,0.0,0.0,30.0,86.66666666666667,10.0,56.0,0.0,0.0,17.0,88.33333333333333,81.0,82.0,0.0,0.0,0,0,0.0,0.0,10.0,10.0,0.0,0.0,0.0,0.0,10.0,132.5,62,4.95,3.0,12.0,1.24,5859.0,4241.0,4241.0,1618.0,7117.1,2781.2,0.0,0.0,0.0,0.0,5859.0,100.0,4531.0,77.3,1000.0,17.1,328.0,5.6,0.0,0.0,328.0,5.6,5311.0,90.6,23378.666666666668,0.0,948.3333333333334,7669.333333333333,3830.0,292.6666666666667,0.0,0.0,23565.0,0.0,952.0,7627.0,3809.6666666666665,306.3333333333333,0.0,0.0,23905.333333333332,0.0,972.6666666666666,7963.0,3732.6666666666665,344.0,0.0,0.0,23879.666666666668,0.0,961.3333333333334,7817.0,3552.6666666666665,385.0,0.0,0.0,23409.333333333332,0.0,939.0,7568.0,3381.6666666666665,415.0,0.0,0.0,22919.666666666668,0.0,926.3333333333334,7307.666666666667,3218.6666666666665,434.6666666666667,0.0,0.0,3,Intermodal Transportation Hub
AEC,RN06,RW/RN,รฟท.,บ. รถไฟฟ้า ร.ฟ.ท.,หลักสี่,SRT หลักสี่ และ MRT หลักสี่,3758.272727,8,6,2,0,0,0,0,0,4,2,2,5,0,0,5.0,73.0,0.0,0.0,10.0,188.75,5.0,33.5,0.0,0.0,24.0,46.0,10.0,39.0,0.0,0.0,0,0,5.0,5.0,0.0,0.0,0.0,0.0,0.0,0.0,2.0,59.75,87,5.66,1.5,12.0,1.81,9468.0,8648.0,8648.0,820.0,16971.2,8337.8,0.0,0.0,4030.0,42.6,5438.0,57.4,7578.0,80.0,1890.0,20.0,0.0,0.0,0.0,0.0,5364.0,56.7,4104.0,43.3,11000.8,0.0,2195.2,4657.0,887.2,73.6,0.0,0.0,10980.0,0.0,2203.8,4678.8,882.4,77.0,0.0,0.0,11035.6,0.0,2251.4,4842.8,864.6,86.6,0.0,0.0,10857.4,0.0,2225.0,4851.6,822.8,97.0,0.0,0.0,10467.8,0.0,2173.6,4804.8,783.4,104.4,0.0,0.0,10067.6,0.0,2144.4,4749.0,745.4,109.4,0.0,0.0,5,Interchange Station
AEC,PK14,PK,รฟม.,BTS Group (NBM),หลักสี่,SRT หลักสี่ และ MRT หลักสี่,4525.0,8,6,2,0,0,0,0,0,4,2,2,5,0,0,5.0,73.0,0.0,0.0,10.0,188.75,5.0,33.5,0.0,0.0,24.0,46.0,10.0,39.0,0.0,0.0,0,0,5.0,5.0,0.0,0.0,0.0,0.0,0.0,0.0,2.0,59.75,87,5.66,1.5,12.0,1.81,9468.0,8648.0,8648.0,820.0,16971.2,8337.8,0.0,0.0,4030.0,42.6,5438.0,57.4,7578.0,80.0,1890.0,20.0,0.0,0.0,0.0,0.0,5364.0,56.7,4104.0,43.3,11000.8,0.0,2195.2,4657.0,887.2,73.6,0.0,0.0,10980.0,0.0,2203.8,4678.8,882.4,77.0,0.0,0.0,11035.6,0.0,2251.4,4842.8,864.6,86.6,0.0,0.0,10857.4,0.0,2225.0,4851.6,822.8,97.0,0.0,0.0,10467.8,0.0,2173.6,4804.8,783.4,104.4,0.0,0.0,10067.6,0.0,2144.4,4749.0,745.4,109.4,0.0,0.0,5,Interchange Station
CUTI,A03,ARL,รฟท.,บ. รถไฟฟ้า ร.ฟ.ท.,บ้านทับช้าง,ARL บ้านทับช้าง,4367.789474,0,2,0,0,1,0,0,0,2,6,2,0,0,0,0.0,0.0,0.0,0.0,0.0,0.0,45.0,45.0,0.0,0.0,85.0,262.5,116.0,116.0,0.0,0.0,0,0,0.0,0.0,305.0,305.0,0.0,0.0,0.0,0.0,55.0,172.5,12,7.75,5.0,12.0,4.07,1270.0,657.0,657.0,613.0,3340.7,716.4,0.0,0.0,573.0,45.1,697.0,54.9,704.0,55.4,323.0,25.4,243.0,19.1,0.0,0.0,1048.0,82.5,222.0,17.5,6809.0,1.5,225.25,1612.0,202.25,0.0,0.0,0.0,7263.25,1.5,226.25,1631.5,201.25,0.0,0.0,0.0,7805.75,1.5,231.0,1708.0,197.25,0.0,0.0,0.0,8242.0,1.5,228.5,1736.25,187.5,0.0,0.0,0.0,8518.25,1.5,223.0,1747.5,178.5,0.0,0.0,0.0,8761.0,1.25,220.25,1756.25,169.75,0.0,0.0,0.0,4,Local Station
CUTI,A07,ARL,รฟท.,บ. รถไฟฟ้า ร.ฟ.ท.,ราชปรารภ,ARL ราชปรารภ,4550.684211,9,11,0,0,1,1,0,0,1,0,0,0,0,0,0.0,0.0,0.0,0.0,135.32672351169532,227.46805768750573,14.0,14.0,0.0,0.0,0.0,0.0,0.0,0.0,0.0,0.0,0,0,0.0,0.0,160.04497641591047,160.04497641591047,5.753580343405236,5.753580343405236,0.0,0.0,5.753580343405236,12.58505588654391,29,8.66,4.0,16.0,2.58,7286.9,3585.9,3585.9,3700.9,4509.4,3757.9,0.0,0.0,1514.3,20.8,5772.5,79.2,1327.7,18.2,3616.7,49.6,2342.5,32.1,987.6,13.6,1584.6,21.7,4714.7,64.7,3977.777777777778,0.0,72.33333333333333,3881.3333333333335,1038.2222222222222,1364.0,29321.666666666668,1.6666666666666667,4219.222222222223,0.0,72.88888888888889,3898.444444444444,1032.7777777777778,1429.5555555555557,29321.666666666668,1.6666666666666667,4487.111111111111,0.0,74.22222222222223,4032.8888888888887,1012.0,1604.5555555555557,29321.666666666668,1.6666666666666667,4669.888888888889,0.0,73.44444444444444,4037.3333333333335,963.3333333333334,1796.4444444444443,29321.666666666668,1.6666666666666667,4743.222222222223,0.0,71.55555555555556,3994.444444444444,917.0,1934.4444444444443,29321.666666666668,1.6666666666666667,4791.666666666667,0.0,70.77777777777777,3943.444444444444,872.6666666666666,2027.111111111111,29321.666666666668,1.6666666666666667,9,Local Station
CUTI,A05,ARL,รฟท.,บ. รถไฟฟ้า ร.ฟ.ท.,รามคำแหง,ARL รามคำแหง,7074.210526,8,12,1,1,0,0,0,0,0,2,0,1,0,0,25.24154442,25.24154442,0.0,0.0,120.0032327,120.0032327,0.0,0.0,530.0,530.0,199.9557588,199.9557588,0.0,0.0,0.0,0.0,0,0,130.0483989,130.0483989,0.0,0.0,0.0,0.0,0.0,0.0,49.96167056,49.96167056,65,5.52,2.1,10.0,1.76,10974.0,5486.0,5486.0,5488.0,7330.0,5114.6,112.0,1.0,8050.0,73.4,2812.0,25.6,693.0,6.3,7070.0,64.4,3211.0,29.3,2570.0,23.4,6915.0,63.0,1489.0,13.6,6811.0,0.0,831.0,4057.75,1645.0,170.5,0.0,0.0,6919.25,0.0,834.25,4044.5,1636.25,178.75,0.0,0.0,7138.75,0.0,852.25,4134.25,1603.25,200.5,0.0,0.0,7295.25,0.0,842.25,4077.5,1526.25,224.5,0.0,0.0,7344.25,0.0,822.75,3966.75,1452.5,241.75,0.0,0.0,7404.5,0.0,812.0,3850.75,1382.5,253.5,0.0,0.0,4,Local Station
CUTI,A02,ARL,รฟท.,บ. รถไฟฟ้า ร.ฟ.ท.,ลาดกระบัง,ARL ลาดกระบัง,11388.57895,2,1,1,0,1,0,0,0,2,2,2,0,0,0,0.0,0.0,0.0,0.0,105.0,105.0,25.0,25.0,0.0,0.0,108.0,108.0,25.0,25.0,0.0,0.0,0,0,99.0,99.0,60.0,60.0,0.0,0.0,0.0,0.0,110.0,110.0,47,5.76,3.1,16.0,2.75,2579.0,2538.0,2538.0,41.0,6677.5,2029.9,69.0,2.7,475.0,18.4,2035.0,78.9,461.0,17.9,1046.0,40.6,1072.0,41.6,841.0,32.6,442.0,17.1,1296.0,50.3,7809.4,11.0,683.0,4541.2,2241.6,42.2,0.0,0.0,8216.8,10.8,685.8,4585.0,2229.8,44.2,0.0,0.0,8680.4,10.8,700.6,4782.2,2184.8,49.6,0.0,0.0,8990.4,10.4,692.4,4838.6,2079.4,55.6,0.0,0.0,9101.4,10.0,676.4,4846.0,1979.2,59.8,0.0,0.0,9170.2,9.2,667.4,4845.4,1884.2,62.6,0.0,0.0,5,Local Station
CUTI,E01,BTS,กทม. (ผ่าน กรุงเทพธนาคม),BTSC (BTS Group),ชิดลม,BTS ชิดลม,27095.0,8,13,0,0,0,1,0,0,2,0,0,0,3,0,0.0,0.0,80.0,165.0,5.0,71.2802973025,90.0,90.0,0.0,0.0,0.0,0.0,0.0,0.0,0.0,0.0,0,0,0.0,0.0,0.0,0.0,170.0,170.0,0.0,0.0,25.48513275,95.06771086666669,36,7.43,4.0,13.0,3.09,10784.0,5372.0,5372.0,5412.0,5667.1,5102.2,0.0,0.0,4853.0,45.0,5931.0,55.0,1990.0,18.5,8794.0,81.5,0.0,0.0,0.0,0.0,4543.0,42.1,6241.0,57.9,3819.571428571429,0.0,2.2857142857142856,29334.285714285714,804.4285714285714,1601.142857142857,158558.2857142857,0.2857142857142857,3720.714285714286,0.0,2.2857142857142856,29489.571428571428,800.2857142857143,1678.428571428571,158558.2857142857,0.2857142857142857,3651.714285714286,0.0,2.2857142857142856,30545.0,784.1428571428571,1883.7142857142856,158558.2857142857,0.2857142857142857,3538.1428571428573,0.0,2.2857142857142856,30625.14285714286,746.2857142857143,2109.285714285714,158558.2857142857,0.2857142857142857,3372.0,0.0,2.2857142857142856,30349.285714285714,710.4285714285714,2271.285714285714,158558.2857142857,0.2857142857142857,3216.4285714285716,0.0,2.142857142857143,30010.571428571428,676.1428571428571,2380.1428571428573,158558.2857142857,0.2857142857142857,7,Local Station
CUTI,E17,BTS,กทม. (ผ่าน กรุงเทพธนาคม),BTSC (BTS Group),ช้างเอราวัณ,BTS ช้างเอราวัณ,5285.0,7,3,0,0,0,0,0,0,2,0,0,3,0,0,25.0,49.5,0.0,0.0,16.0,100.66666666666669,22.0,25.5,0.0,0.0,0.0,0.0,0.0,0.0,0.0,0.0,0,0,0.0,0.0,0.0,0.0,0.0,0.0,0.0,0.0,13.0,35.5,37,4.72,2.0,15.0,2.43,2653.0,2653.0,2653.0,0.0,2394.5,2308.4,0.0,0.0,0.0,0.0,2653.0,100.0,2653.0,100.0,0.0,0.0,0.0,0.0,0.0,0.0,0.0,0.0,2653.0,100.0,10513.0,0.0,981.3333333333334,6208.333333333333,752.6666666666666,0.0,0.0,0.3333333333333333,10662.666666666666,0.0,1011.6666666666666,6371.666666666667,747.6666666666666,0.0,0.0,0.3333333333333333,10817.666666666666,0.0,1087.6666666666667,6847.666666666667,729.0,0.0,0.0,0.3333333333333333,10658.333333333334,0.0,1141.0,7193.0,714.0,0.0,0.0,0.3333333333333333,10470.0,0.0,1185.0,7490.0,700.0,0.0,0.0,0.3333333333333333,10325.666666666666,0.0,1237.3333333333333,7843.333333333333,685.6666666666666,0.0,0.0,0.3333333333333333,3,Local Station
CUTI,E06,BTS,กทม. (ผ่าน กรุงเทพธนาคม),BTSC (BTS Group),ทองหล่อ,BTS ทองหล่อ,16109.0,8,11,0,0,0,0,0,0,0,0,0,4,2,0,8.0,10.0,8.0,9.0,10.0,27.5,0.0,0.0,0.0,0.0,0.0,0.0,0.0,0.0,0.0,0.0,0,0,0.0,0.0,0.0,0.0,0.0,0.0,0.0,0.0,30.0,50.66666666666666,18,5.69,4.0,14.0,2.39,4728.0,3447.0,3447.0,1281.0,3367.6,3146.6,136.0,2.9,511.0,10.8,4081.0,86.3,365.0,7.7,4123.0,87.2,240.0,5.1,246.0,5.2,1592.0,33.7,2890.0,61.1,11897.666666666666,0.0,236.5,14129.833333333334,1656.0,804.0,58156.666666666664,0.3333333333333333,11215.666666666666,0.0,237.33333333333337,14216.0,1647.3333333333333,842.8333333333334,58156.666666666664,0.3333333333333333,10693.833333333334,0.0,242.5,14742.5,1614.1666666666667,946.0,58156.666666666664,0.3333333333333333,10113.166666666666,0.0,239.83333333333337,14802.833333333334,1536.5,1059.0,58156.666666666664,0.3333333333333333,9440.0,0.0,234.33333333333337,14692.166666666666,1462.5,1140.5,58156.666666666664,0.3333333333333333,8838.333333333334,0.0,231.0,14549.666666666666,1391.8333333333333,1195.1666666666667,58156.666666666664,0.3333333333333333,6,Local Station
CUTI,E03,BTS,กทม. (ผ่าน กรุงเทพธนาคม),BTSC (BTS Group),นานา,BTS นานา,13573.0,4,10,0,0,0,0,0,0,0,0,0,3,3,0,5.0,20.0,5.0,231.66666666666663,30.0,48.333333333333336,0.0,0.0,0.0,0.0,0.0,0.0,0.0,0.0,0.0,0.0,0,0,0.0,0.0,0.0,0.0,0.0,0.0,0.0,0.0,30.0,68.75,23,5.87,4.0,10.0,2.42,11962.0,5951.0,5951.0,6011.0,7243.8,5848.7,0.0,0.0,3887.0,32.5,8075.0,67.5,6297.0,52.6,5665.0,47.4,0.0,0.0,0.0,0.0,3613.0,30.2,8349.0,69.8,11173.833333333334,0.0,18.333333333333332,25853.833333333332,655.8333333333334,3564.8333333333335,27324.666666666668,0.0,10826.333333333334,0.0,18.5,25991.0,652.3333333333334,3736.8333333333335,27324.666666666668,0.0,10627.5,0.0,18.833333333333332,26922.333333333332,639.1666666666666,4193.5,27324.666666666668,0.0,10346.0,0.0,18.5,26994.333333333332,608.5,4695.5,27324.666666666668,0.0,9938.5,0.0,18.333333333333332,26752.0,579.0,5056.0,27324.666666666668,0.0,9575.166666666666,0.0,18.0,26454.833333333332,551.1666666666666,5298.666666666667,27324.666666666668,0.0,6,Local Station
CUTI,E10,BTS,กทม. (ผ่าน กรุงเทพธนาคม),BTSC (BTS Group),บางจาก,BTS บางจาก,10182.0,7,5,1,1,0,0,0,0,0,0,0,6,0,0,3.0,43.8,0.0,0.0,30.0,35.0,0.0,0.0,0.0,0.0,0.0,0.0,0.0,0.0,0.0,0.0,0,0,0.0,0.0,0.0,0.0,0.0,0.0,0.0,0.0,54.0,64.66666666666667,46,5.14,3.0,15.0,1.96,2960.0,2480.0,2480.0,480.0,4687.2,2355.4,0.0,0.0,220.0,7.4,2740.0,92.6,2670.0,90.2,290.0,9.8,0.0,0.0,0.0,0.0,220.0,7.4,2740.0,92.6,23930.25,0.0,1766.5,20048.0,2396.25,219.5,0.0,0.0,24147.0,0.0,1773.25,20207.25,2383.75,230.25,0.0,0.0,24609.0,0.0,1811.5,21014.0,2335.5,258.5,0.0,0.0,24763.75,0.0,1790.25,21172.0,2223.0,289.25,0.0,0.0,24494.0,0.0,1749.0,21091.75,2116.0,311.5,0.0,0.0,24198.5,0.0,1725.5,20963.0,2013.75,326.5,0.0,0.0,4,Local Station
CUTI,E13,BTS,กทม. (ผ่าน กรุงเทพธนาคม),BTSC (BTS Group),บางนา,BTS บางนา,10410.0,3,5,0,0,0,0,0,0,0,0,0,4,0,0,13.0,35.25,0.0,0.0,24.0,24.0,0.0,0.0,0.0,0.0,0.0,0.0,0.0,0.0,0.0,0.0,0,0,0.0,0.0,0.0,0.0,0.0,0.0,0.0,0.0,11.0,29.0,13,6.73,3.5,15.0,2.05,1570.0,1570.0,1570.0,0.0,1570.4,1570.4,0.0,0.0,110.0,7.0,1460.0,93.0,0.0,0.0,760.0,48.4,810.0,51.6,0.0,0.0,0.0,0.0,1570.0,100.0,12245.5,0.0,1345.5,8289.0,1761.5,34.25,0.0,0.0,12317.25,0.0,1351.0,8337.0,1752.0,36.25,0.0,0.0,12469.25,0.0,1380.0,8642.25,1717.0,40.5,0.0,0.0,12429.5,0.0,1364.0,8673.5,1634.0,45.25,0.0,0.0,12158.25,0.0,1332.5,8605.0,1555.25,48.75,0.0,0.0,11877.5,0.0,1314.5,8519.0,1480.5,51.0,0.0,0.0,4,Destination Gateway
CUTI,E19,BTS,กทม. (ผ่าน กรุงเทพธนาคม),BTSC (BTS Group),ปากน้ำ,BTS ปากน้ำ,3020.0,6,5,0,0,0,0,0,0,0,0,0,2,0,0,2.0,29.0,0.0,0.0,2.0,131.33333333333334,0.0,0.0,0.0,0.0,0.0,0.0,0.0,0.0,0.0,0.0,0,0,0.0,0.0,0.0,0.0,0.0,0.0,0.0,0.0,5.0,7.5,29,6.67,3.0,10.5,1.58,4180.0,3180.0,3180.0,1000.0,5193.8,3181.8,0.0,0.0,430.0,10.3,3750.0,89.7,2010.0,48.1,1720.0,41.1,450.0,10.8,260.0,6.2,600.0,14.4,3320.0,79.4,11810.333333333334,0.0,0.0,7670.0,3309.6666666666665,31.333333333333332,0.0,0.6666666666666666,12628.0,0.0,0.0,7903.333333333333,3287.3333333333335,33.666666666666664,0.0,0.6666666666666666,13506.666666666666,0.0,0.0,8514.0,3204.6666666666665,40.666666666666664,0.0,0.6666666666666666,13978.666666666666,0.0,0.0,8947.0,3140.3333333333335,48.333333333333336,0.0,0.6666666666666666,14365.666666666666,0.0,0.0,9309.666666666666,3076.6666666666665,54.333333333333336,0.0,0.6666666666666666,14777.0,0.0,0.0,9741.666666666666,3015.0,58.666666666666664,0.0,0.6666666666666666,3,Local Station
CUTI,E11,BTS,กทม. (ผ่าน กรุงเทพธนาคม),BTSC (BTS Group),ปุณณวิถี,BTS ปุณณวิถี,12371.0,11,7,2,0,0,0,0,0,0,0,0,4,2,0,10.0,26.5,5.0,5.0,22.0,74.25,0.0,0.0,0.0,0.0,0.0,0.0,0.0,0.0,0.0,0.0,0,0,160.0,160.0,0.0,0.0,0.0,0.0,0.0,0.0,25.0,67.5,56,5.05,3.5,12.0,1.38,4916.0,3458.0,3458.0,1458.0,6557.5,3634.4,0.0,0.0,1000.0,20.3,3916.0,79.7,816.0,16.6,4100.0,83.4,0.0,0.0,0.0,0.0,1000.0,20.3,3916.0,79.7,18804.0,0.0,1503.8,12688.2,1387.8,134.4,0.0,0.0,18642.2,0.0,1509.6,12773.4,1380.6,141.0,0.0,0.0,18664.0,0.0,1542.0,13259.4,1352.8,158.4,0.0,0.0,18468.4,0.0,1524.2,13329.6,1287.4,177.2,0.0,0.0,17984.0,0.0,1489.0,13247.8,1225.6,190.8,0.0,0.0,17518.4,0.0,1468.8,13137.0,1166.4,200.2,0.0,0.0,5,Local Station
CUTI,E16,BTS,กทม. (ผ่าน กรุงเทพธนาคม),BTSC (BTS Group),ปู่เจ้าสมิงพราย,BTS ปู่เจ้าสมิงพราย,4398.0,8,6,0,0,0,0,0,0,2,0,0,4,0,0,20.0,22.5,0.0,0.0,27.0,44.0,10.0,28.5,0.0,0.0,0.0,0.0,0.0,0.0,0.0,0.0,0,0,0.0,0.0,0.0,0.0,0.0,0.0,0.0,0.0,16.0,20.0,28,4.75,3.0,14.0,1.85,2900.0,2450.0,2450.0,450.0,3929.0,2457.3,0.0,0.0,0.0,0.0,2900.0,100.0,900.0,31.0,2000.0,69.0,0.0,0.0,0.0,0.0,0.0,0.0,2900.0,100.0,11702.0,0.0,11956.0,7267.666666666667,831.6666666666666,22.0,12666.666666666666,0.0,11838.666666666666,0.0,12321.0,7461.666666666667,826.3333333333334,23.666666666666668,12666.666666666666,0.0,11997.0,0.0,13249.666666666666,8021.333333333333,805.6666666666666,28.666666666666668,12666.666666666666,0.0,11821.666666666666,0.0,13897.333333333334,8425.333333333334,789.0,34.0,12666.666666666666,0.0,11625.333333333334,0.0,14431.333333333334,8773.666666666666,773.0,38.333333333333336,12666.666666666666,0.0,11483.333333333334,0.0,15071.666666666666,9187.0,757.6666666666666,41.333333333333336,12666.666666666666,0.0,3,Local Station
CUTI,E08,BTS,กทม. (ผ่าน กรุงเทพธนาคม),BTSC (BTS Group),พระโขนง,BTS พระโขนง,12489.0,8,6,0,0,0,0,0,0,0,0,0,2,1,0,15.0,15.0,100.0,100.0,10.0,13.5,0.0,0.0,0.0,0.0,0.0,0.0,0.0,0.0,0.0,0.0,0,0,0.0,0.0,0.0,0.0,0.0,0.0,0.0,0.0,45.0,52.5,21,6.74,4.0,11.0,3.49,4218.0,3793.0,3793.0,425.0,4053.9,3580.3,0.0,0.0,0.0,0.0,4218.0,100.0,0.0,0.0,3368.0,79.8,850.0,20.2,0.0,0.0,1282.0,30.4,2936.0,69.6,6988.4,0.0,717.4,14749.6,7452.8,463.6,18600.0,0.4,6780.4,0.0,720.6,14821.6,7413.6,486.0,18600.0,0.4,6630.6,0.0,736.2,15343.4,7263.6,545.4,18600.0,0.4,6402.6,0.0,727.4,15372.2,6913.8,610.6,18600.0,0.4,6081.8,0.0,710.8,15222.4,6580.8,657.6,18600.0,0.4,5785.8,0.0,701.0,15041.4,6263.6,689.0,18600.0,0.4,5,Local Station
CUTI,E05,BTS,กทม. (ผ่าน กรุงเทพธนาคม),BTSC (BTS Group),พร้อมพงษ์,BTS พร้อมพงษ์,32485.0,7,6,0,0,0,0,0,0,2,0,0,6,0,0,4.103138284,24.8550237648,0.0,0.0,11.17497744,29.92018853333333,52.60914723,74.229953435,0.0,0.0,0.0,0.0,0.0,0.0,0.0,0.0,0,0,0.0,0.0,0.0,0.0,0.0,0.0,0.0,0.0,15.24916232,93.30589142666666,25,5.1,4.0,10.0,1.92,5384.0,3655.0,3655.0,1729.0,4407.8,3589.7,0.0,0.0,0.0,0.0,5384.0,100.0,0.0,0.0,4784.0,88.9,600.0,11.1,0.0,0.0,2262.0,42.0,3122.0,58.0,10243.8,0.0,91.4,16053.2,1483.0,2717.6,133000.0,0.2,9600.6,0.0,92.2,16100.8,1475.2,2848.8,133000.0,0.2,9103.8,0.0,94.0,16619.2,1445.4,3197.0,133000.0,0.2,8569.2,0.0,92.8,16592.4,1375.8,3579.6,133000.0,0.2,7972.2,0.0,90.8,16369.2,1309.4,3854.4,133000.0,0.2,7454.2,0.0,89.4,16117.2,1246.2,4039.8,133000.0,0.2,5,Local Station
CUTI,N01,BTS,กทม. (ผ่าน กรุงเทพธนาคม),BTSC (BTS Group),ราชเทวี,BTS ราชเทวี,10730.0,6,5,0,0,2,1,0,0,6,0,0,0,0,0,0.0,0.0,0.0,0.0,20.0,25.0,30.0,30.0,0.0,0.0,0.0,0.0,0.0,0.0,0.0,0.0,0,0,0.0,0.0,20.46444802,20.46444802,100.0,100.0,0.0,0.0,20.46444802,125.23222401,17,8.0,4.0,20.0,2.96,6542.0,3913.0,3913.0,2629.0,4749.6,4088.2,0.0,0.0,2244.0,34.3,4298.0,65.7,1352.0,20.7,3639.0,55.6,1551.0,23.7,484.0,7.4,2479.0,37.9,3579.0,54.7,5866.285714285715,0.0,271.57142857142856,9758.285714285714,626.0,1050.571428571429,118800.14285714286,2.142857142857143,5735.571428571428,0.0,272.85714285714283,9815.57142857143,622.7142857142857,1101.142857142857,118800.14285714286,2.142857142857143,5673.428571428572,0.0,278.57142857142856,10175.285714285714,610.1428571428571,1235.857142857143,118800.14285714286,2.142857142857143,5554.857142857143,0.0,275.57142857142856,10212.0,580.7142857142857,1383.857142857143,118800.14285714286,2.142857142857143,5358.714285714285,0.0,268.85714285714283,10130.285714285714,552.7142857142857,1490.0,118800.14285714286,2.142857142857143,5180.428571428572,0.0,265.14285714285717,10027.142857142857,526.1428571428571,1561.571428571429,118800.14285714286,2.142857142857143,7,Local Station
CUTI,E20,BTS,กทม. (ผ่าน กรุงเทพธนาคม),BTSC (BTS Group),ศรีนครินทร์,BTS ศรีนครินทร์,3068.0,6,11,0,0,0,0,0,0,0,0,0,4,0,0,42.0,44.0,0.0,0.0,8.0,69.0,0.0,0.0,0.0,0.0,0.0,0.0,0.0,0.0,0.0,0.0,0,0,0.0,0.0,0.0,0.0,0.0,0.0,0.0,0.0,6.0,8.666666666666666,36,6.94,3.0,15.0,1.81,4153.0,3993.0,3993.0,160.0,7095.9,4306.5,0.0,0.0,830.0,20.0,3323.0,80.0,77.0,1.9,3376.0,81.3,700.0,16.9,420.0,10.1,640.0,15.4,3093.0,74.5,14918.2,4.2,746.8,6777.8,2728.2,30.6,6344.0,0.0,16155.0,4.2,769.4,6982.0,2710.2,33.0,6344.0,0.0,17460.2,4.4,827.6,7520.0,2641.8,39.6,6344.0,0.0,18215.6,4.2,867.8,7902.2,2588.8,47.0,6344.0,0.0,18837.6,4.2,901.2,8223.0,2536.4,53.0,6344.0,0.0,19477.4,4.2,941.2,8605.2,2485.4,57.2,6344.0,0.0,5,Local Station
CUTI,W01,BTS,กทม. (ผ่าน กรุงเทพธนาคม),BTSC (BTS Group),สนามกีฬาแห่งชาติ,BTS สนามกีฬาแห่งชาติ,14103.0,6,4,0,0,0,4,0,0,4,0,0,2,4,0,17.29308408,17.29308408,21.54362012,21.54362012,33.46735196,43.838992045,2.66157673,87.55889333,0.0,0.0,0.0,0.0,0.0,0.0,0.0,0.0,0,0,0.0,0.0,0.0,0.0,2.66157673,59.43129039666667,0.0,0.0,17.96385566,211.82742673,26,7.94,4.0,20.0,2.92,11559.0,5780.0,5780.0,5779.0,5820.1,5656.6,0.0,0.0,4291.0,37.1,7268.0,62.9,4859.0,42.0,6468.0,56.0,232.0,2.0,0.0,0.0,4033.0,34.9,7526.0,65.1,3765.5,0.0,110.75,11079.25,5936.0,786.125,142825.125,2.25,3647.625,0.0,111.125,11116.875,5904.875,824.0,142825.125,2.25,3568.75,0.0,113.5,11482.125,5785.375,924.75,142825.125,2.25,3453.375,0.0,112.375,11472.0,5506.625,1035.375,142825.125,2.25,3291.625,0.0,109.625,11326.875,5241.375,1114.75,142825.125,2.25,3143.375,0.0,108.0,11161.0,4988.875,1168.375,142825.125,2.25,8,Local Station
CUTI,CEN,BTS,กทม. (ผ่าน กรุงเทพธนาคม),BTSC (BTS Group),สยาม,BTS สยาม,49819.0,6,8,0,0,1,2,0,0,0,0,0,0,3,0,0.0,0.0,3.0,24.5,2.0,61.0,0.0,0.0,0.0,0.0,0.0,0.0,0.0,0.0,0.0,0.0,0,0,0.0,0.0,64.0,64.0,3.0,3.0,0.0,0.0,5.0,13.75,22,7.73,3.0,12.0,2.55,4472.0,4472.0,4472.0,0.0,4804.8,4480.9,0.0,0.0,0.0,0.0,4472.0,100.0,3522.0,78.8,950.0,21.2,0.0,0.0,0.0,0.0,1221.0,27.3,3251.0,72.7,3765.5,0.0,110.75,11079.25,5936.0,786.125,142825.125,2.25,3647.625,0.0,111.125,11116.875,5904.875,824.0,142825.125,2.25,3568.75,0.0,113.5,11482.125,5785.375,924.75,142825.125,2.25,3453.375,0.0,112.375,11472.0,5506.625,1035.375,142825.125,2.25,3291.625,0.0,109.625,11326.875,5241.375,1114.75,142825.125,2.25,3143.375,0.0,108.0,11161.0,4988.875,1168.375,142825.125,2.25,8,Major Hub
CUTI,N07,BTS,กทม. (ผ่าน กรุงเทพธนาคม),BTSC (BTS Group),สะพานควาย,BTS สะพานควาย,8091.0,8,9,0,0,0,0,0,0,1,0,0,1,1,0,35.0,35.0,300.0,300.0,10.0,35.5,58.0,58.0,0.0,0.0,0.0,0.0,0.0,0.0,0.0,0.0,0,0,0.0,0.0,0.0,0.0,0.0,0.0,0.0,0.0,25.0,160.66666666666666,30,6.68,4.0,13.0,3.83,3464.0,3222.0,3222.0,242.0,3999.9,3277.3,0.0,0.0,101.0,2.9,3363.0,97.1,2070.0,59.8,1171.0,33.8,223.0,6.4,0.0,0.0,728.0,21.0,2736.0,79.0,6427.0,0.0,80.6,10592.0,534.8,370.4,6929.4,2.4,6346.2,0.0,81.0,10645.6,532.0,388.0,6929.4,2.4,19956.4,0.0,82.4,18769.8,521.2,435.8,156730.0,2.4,33667.0,0.0,81.6,22194.4,496.2,487.8,222090.0,2.4,33506.4,0.0,79.8,22090.4,472.0,525.2,222090.0,2.4,33361.2,0.0,78.4,21964.0,449.4,550.4,222090.0,2.4,5,Local Station
CUTI,E22,BTS,กทม. (ผ่าน กรุงเทพธนาคม),BTSC (BTS Group),สายลวด,BTS สายลวด,1597.0,2,9,0,0,0,0,0,0,1,0,0,4,0,0,20.0,24.5,0.0,0.0,0.0,0.0,5.0,5.0,0.0,0.0,0.0,0.0,0.0,0.0,0.0,0.0,0,0,0.0,0.0,0.0,0.0,0.0,0.0,0.0,0.0,51.0,57.5,57,5.72,4.0,12.0,1.58,2006.0,2006.0,2006.0,0.0,8558.3,1887.6,93.0,4.6,220.0,11.0,1693.0,84.4,913.0,45.5,1093.0,54.5,0.0,0.0,0.0,0.0,693.0,34.5,1313.0,65.5,10784.5,0.25,890.5,6868.75,2045.0,25.75,22930.0,0.0,10895.5,0.25,917.5,7046.75,2031.25,27.75,22930.0,0.0,10979.0,0.25,986.75,7572.25,1980.25,33.25,22930.0,0.0,10719.25,0.25,1035.0,7953.25,1940.5,39.5,22930.0,0.0,10418.0,0.25,1074.75,8282.5,1901.25,44.5,22930.0,0.0,10171.75,0.0,1122.5,8674.0,1863.0,48.0,22930.0,0.0,4,Local Station
CUTI,E12,BTS,กทม. (ผ่าน กรุงเทพธนาคม),BTSC (BTS Group),อุดมสุข,BTS อุดมสุข,19960.0,9,12,2,1,1,0,0,1,0,0,0,5,0,0,14.0,47.75,0.0,0.0,5.0,29.33333333333333,0.0,0.0,0.0,0.0,0.0,0.0,0.0,0.0,0.0,0.0,0,0,0.0,0.0,4.0,4.0,0.0,0.0,0.0,0.0,7.0,27.5,42,4.67,3.0,12.0,2.7,3464.0,2847.0,2847.0,617.0,3966.3,2742.4,0.0,0.0,0.0,0.0,3464.0,100.0,884.0,25.5,2580.0,74.5,0.0,0.0,0.0,0.0,0.0,0.0,3464.0,100.0,13364.0,0.0,1577.5,14025.75,645.75,225.0,0.0,0.0,13193.25,0.0,1583.5,14168.75,642.75,236.25,162500.0,0.0,14162.5,0.0,1617.75,15022.5,629.75,264.75,162500.0,0.0,13958.5,0.0,1599.0,15197.0,599.25,296.5,162500.0,0.0,13551.75,0.0,1562.0,15208.25,570.5,319.5,162500.0,0.0,13163.0,0.0,1541.0,15183.0,542.75,334.75,162500.0,0.0,4,Local Station
CUTI,E09,BTS,กทม. (ผ่าน กรุงเทพธนาคม),BTSC (BTS Group),อ่อนนุช,BTS อ่อนนุช,27015.0,6,7,1,0,2,0,0,0,1,0,0,3,0,0,65.0,65.0,0.0,0.0,5.0,17.5,30.0,30.0,0.0,0.0,0.0,0.0,0.0,0.0,0.0,0.0,0,0,0.0,0.0,30.0,52.5,0.0,0.0,0.0,0.0,20.0,61.66666666666666,43,5.21,2.0,12.0,1.89,4756.0,3806.0,3806.0,950.0,5288.2,3663.0,0.0,0.0,2096.0,44.1,2660.0,55.9,4286.0,90.1,470.0,9.9,0.0,0.0,740.0,15.6,1960.0,41.2,2056.0,43.2,15861.8,0.0,1494.4,13938.2,1945.0,306.4,12378.8,0.0,15741.4,0.0,1500.2,14040.4,1934.8,321.2,12378.8,0.0,15765.6,0.0,1532.6,14587.4,1895.4,360.6,12378.8,0.0,15593.6,0.0,1514.8,14680.4,1804.4,403.6,12378.8,0.0,15167.6,0.0,1479.4,14605.4,1717.4,434.6,12378.8,0.0,14753.8,0.0,1459.8,14497.4,1634.4,455.4,12378.8,0.0,5,Local Station
CUTI,E23,BTS,กทม. (ผ่าน กรุงเทพธนาคม),BTSC (BTS Group),เคหะสมุทรปราการ,BTS เคหะสมุทรปราการ,5940.0,0,9,1,0,1,0,0,0,1,1,1,4,0,0,5.0,45.333333333333336,0.0,0.0,0.0,0.0,31.0,31.0,0.0,0.0,79.0,79.0,79.0,79.0,0.0,0.0,0,0,61.0,61.0,16.0,16.0,0.0,0.0,0.0,0.0,120.0,306.6666666666667,34,4.88,3.0,15.0,1.62,2800.0,2400.0,2400.0,400.0,3943.9,2418.8,0.0,0.0,0.0,0.0,2800.0,100.0,0.0,0.0,2400.0,85.7,400.0,14.3,0.0,0.0,0.0,0.0,2800.0,100.0,14930.333333333334,11.0,148.66666666666666,9051.0,1897.6666666666667,0.0,0.0,0.3333333333333333,15211.333333333334,11.333333333333334,153.0,9351.333333333334,1885.3333333333333,0.0,0.0,0.3333333333333333,15433.0,11.333333333333334,164.66666666666666,10088.0,1837.6666666666667,0.0,0.0,0.3333333333333333,14949.0,11.333333333333334,172.66666666666666,10604.666666666666,1800.6666666666667,0.0,0.0,0.3333333333333333,14341.333333333334,11.0,179.0,11029.333333333334,1764.3333333333333,0.0,0.0,0.3333333333333333,13771.666666666666,10.333333333333334,187.0,11535.333333333334,1728.6666666666667,0.0,0.0,0.3333333333333333,3,Local Station
CUTI,E02,BTS,กทม. (ผ่าน กรุงเทพธนาคม),BTSC (BTS Group),เพลินจิต,BTS เพลินจิต,21327.0,7,9,0,0,0,0,0,0,1,0,0,0,3,0,0.0,0.0,40.0,150.0,30.0,66.66666666666667,15.0,15.0,0.0,0.0,0.0,0.0,0.0,0.0,0.0,0.0,0,0,0.0,0.0,0.0,0.0,0.0,0.0,0.0,0.0,20.0,48.75,28,6.61,4.0,10.0,2.63,11688.0,6073.0,6073.0,5615.0,5812.1,5495.6,0.0,0.0,4140.0,35.4,7548.0,64.6,4895.0,41.9,6793.0,58.1,0.0,0.0,367.0,3.1,4760.0,40.7,6561.0,56.1,8516.166666666666,0.0,14.666666666666666,29139.0,199.66666666666663,2820.5,46651.333333333336,0.0,8255.166666666666,0.0,14.833333333333334,29312.5,198.66666666666663,2956.6666666666665,46651.333333333336,0.0,8093.5,0.0,15.0,30391.5,194.66666666666663,3318.0,46651.333333333336,0.0,7858.0,0.0,14.833333333333334,30507.666666666668,185.33333333333337,3715.3333333333335,46651.333333333336,0.0,7521.833333333333,0.0,14.666666666666666,30270.5,176.33333333333334,4000.6666666666665,46651.333333333336,0.0,7217.166666666667,0.0,14.5,29968.5,167.83333333333334,4192.5,46651.333333333336,0.0,6,Local Station
CUTI,E07,BTS,กทม. (ผ่าน กรุงเทพธนาคม),BTSC (BTS Group),เอกมัย,BTS เอกมัย,15397.0,7,6,0,0,0,0,0,0,3,1,0,4,2,0,7.0,18.5,7.0,18.5,115.0,140.0,103.0,124.0,0.0,0.0,68.0,68.0,0.0,0.0,0.0,0.0,0,0,0.0,0.0,0.0,0.0,0.0,0.0,0.0,0.0,10.0,36.66666666666666,15,5.0,4.0,8.0,2.73,3162.0,2653.0,2653.0,509.0,3206.8,3206.8,0.0,0.0,400.0,12.7,2762.0,87.3,0.0,0.0,3162.0,100.0,0.0,0.0,0.0,0.0,2296.0,72.6,866.0,27.4,8891.0,0.0,330.25,14049.5,2309.5,533.0,29235.0,0.5,8513.75,0.0,331.5,14137.0,2297.5,558.75,29235.0,0.5,8242.75,0.0,338.75,14663.5,2251.0,627.0,29235.0,0.5,7906.25,0.0,334.75,14726.75,2142.75,702.0,29235.0,0.5,7476.75,0.0,327.25,14620.5,2039.5,756.25,29235.0,0.5,7086.5,0.0,322.75,14481.75,1941.0,792.25,29235.0,0.5,4,Local Station
CUTI,E14,BTS,กทม. (ผ่าน กรุงเทพธนาคม),BTSC (BTS Group),แบริ่ง,BTS แบริ่ง,15054.0,7,12,1,0,0,0,0,0,0,0,0,5,0,0,3.0,31.75,0.0,0.0,37.0,38.0,0.0,0.0,0.0,0.0,0.0,0.0,0.0,0.0,0.0,0.0,0,0,240.0,240.0,0.0,0.0,0.0,0.0,0.0,0.0,10.0,53.0,29,5.44,4.0,11.0,1.91,4537.0,3460.0,3460.0,1077.0,7133.2,3491.5,0.0,0.0,0.0,0.0,4537.0,100.0,4537.0,100.0,0.0,0.0,0.0,0.0,0.0,0.0,0.0,0.0,4537.0,100.0,14225.0,0.0,1023.0,8663.5,1220.25,137.5,65000.0,0.0,14501.75,0.0,1032.5,8809.0,1213.25,147.5,65000.0,0.0,14820.25,0.0,1066.0,9314.5,1187.75,175.75,65000.0,0.0,14793.0,0.0,1067.25,9589.5,1137.0,209.0,65000.0,0.0,14578.75,0.0,1057.0,9780.75,1088.75,234.0,65000.0,0.0,14372.5,0.0,1056.75,10005.25,1042.75,251.75,65000.0,0.0,4,Local Station
CUTI,E21,BTS,กทม. (ผ่าน กรุงเทพธนาคม),BTSC (BTS Group),แพรกษา,BTS แพรกษา,6068.0,7,10,4,0,3,0,0,0,2,0,0,5,0,0,10.0,35.0,0.0,0.0,10.0,27.5,42.0,44.0,0.0,0.0,0.0,0.0,0.0,0.0,0.0,0.0,0,0,17.0,17.5,33.0,44.0,0.0,0.0,0.0,0.0,19.0,30.0,49,5.63,4.0,12.0,1.77,2800.0,2800.0,2800.0,0.0,8483.3,2804.2,0.0,0.0,0.0,0.0,2800.0,100.0,800.0,28.6,2000.0,71.4,0.0,0.0,0.0,0.0,800.0,28.6,2000.0,71.4,12795.0,1.25,1423.75,8800.0,1323.25,25.75,22930.0,0.0,13126.5,1.25,1467.0,9020.0,1314.5,27.75,22930.0,0.0,13426.0,1.25,1577.75,9688.0,1281.5,33.25,22930.0,0.0,13289.25,1.25,1654.75,10174.0,1255.75,39.5,22930.0,0.0,13078.0,1.25,1718.25,10597.0,1230.25,44.5,22930.0,0.0,12909.5,1.0,1794.5,11100.0,1205.5,48.0,22930.0,0.0,4,Local Station
CUTI,E18,BTS,กทม. (ผ่าน กรุงเทพธนาคม),BTSC (BTS Group),โรงเรียนนายเรือ,BTS โรงเรียนนายเรือ,2266.0,4,3,0,0,0,0,0,0,1,0,0,3,0,0,23.0,23.5,0.0,0.0,160.0,190.0,23.0,23.0,0.0,0.0,0.0,0.0,0.0,0.0,0.0,0.0,0,0,0.0,0.0,0.0,0.0,0.0,0.0,0.0,0.0,25.0,25.0,29,4.26,2.5,12.0,2.2,2000.0,2000.0,2000.0,0.0,2175.6,1952.8,0.0,0.0,1000.0,50.0,1000.0,50.0,2000.0,100.0,0.0,0.0,0.0,0.0,0.0,0.0,0.0,0.0,2000.0,100.0,9881.0,0.0,417.0,3769.25,1169.25,12.5,0.0,0.25,10575.25,0.0,429.75,3900.0,1161.5,13.5,0.0,0.25,11300.75,0.0,462.25,4210.5,1132.25,16.25,0.0,0.25,11670.5,0.0,484.75,4427.0,1109.5,19.25,0.0,0.25,11959.0,0.0,503.5,4602.75,1087.0,21.75,0.0,0.25,12265.25,0.0,525.75,4812.75,1065.25,23.5,0.0,0.25,4,Local Station
CUTI,G3,GL,กทม. (ผ่าน กรุงเทพธนาคม),BTSC (BTS Group),คลองสาน,BTS คลองสาน,444.1818182,14,5,0,0,0,1,0,0,1,0,0,1,3,0,0.0,0.0,69.0,69.0,17.0,37.5,33.0,33.0,0.0,0.0,0.0,0.0,0.0,0.0,0.0,0.0,0,0,0.0,0.0,0.0,0.0,228.0,228.0,0.0,0.0,32.0,32.0,30,7.27,4.0,9.0,3.31,6026.0,4285.0,4285.0,1741.0,4153.0,3996.2,0.0,0.0,636.0,10.6,5390.0,89.4,2919.0,48.4,3107.0,51.6,0.0,0.0,0.0,0.0,3259.0,54.1,2767.0,45.9,6171.8,0.0,295.6,5576.2,1243.4,182.0,150000.0,0.0,5720.2,0.0,296.6,5585.6,1236.8,190.8,150000.0,0.0,5356.6,0.0,303.2,5754.4,1211.4,214.0,150000.0,0.0,4975.8,0.0,299.6,5729.8,1153.6,239.6,150000.0,0.0,4566.4,0.0,292.6,5635.8,1097.6,258.0,150000.0,0.0,4211.4,0.0,288.8,5531.2,1044.8,270.6,150000.0,0.0,5,Local Station
CUTI,S03,BTS,กทม. (ผ่าน กรุงเทพธนาคม),BTSC (BTS Group),ช่องนนทรี,BTS ช่องนนทรี,21479.0,11,12,0,0,0,1,0,0,3,0,0,4,6,0,4.0,10.666666666666666,53.0,53.0,49.0,52.5,6.0,33.333333333333336,0.0,0.0,0.0,0.0,0.0,0.0,0.0,0.0,0,0,0.0,0.0,0.0,0.0,485.0,485.0,0.0,0.0,22.0,46.333333333333336,42,8.37,4.0,12.0,3.48,7645.0,6328.0,6328.0,1317.0,7108.6,6656.6,0.0,0.0,1879.0,24.6,5766.0,75.4,2149.0,28.1,5113.0,66.9,383.0,5.0,0.0,0.0,1968.0,25.7,5677.0,74.3,5456.0,0.0,376.7142857142857,29501.0,1596.428571428571,717.4285714285714,14285.714285714286,0.1428571428571428,5416.142857142857,0.0,378.1428571428572,29680.14285714286,1588.2857142857142,752.0,14285.714285714286,0.1428571428571428,5430.285714285715,0.0,386.2857142857143,30779.714285714286,1555.857142857143,843.8571428571429,14285.714285714286,0.1428571428571428,5378.285714285715,0.0,381.8571428571428,30908.428571428572,1481.0,944.8571428571428,14285.714285714286,0.1428571428571428,5239.0,0.0,373.0,30683.428571428572,1409.857142857143,1017.5714285714286,14285.714285714286,0.1428571428571428,5103.0,0.0,368.1428571428572,30395.0,1341.7142857142858,1066.2857142857142,14285.714285714286,0.1428571428571428,7,Local Station
CUTI,S10,BTS,กทม. (ผ่าน กรุงเทพธนาคม),BTSC (BTS Group),ตลาดพลู,BTS ตลาดพลู,7403.0,5,11,0,0,0,0,0,0,1,0,1,4,0,0,20.0,60.0,0.0,0.0,155.0,211.0,10.0,10.0,0.0,0.0,0.0,0.0,0.0,0.0,0.0,0.0,0,0,0.0,0.0,0.0,0.0,0.0,0.0,0.0,0.0,30.0,111.66666666666669,31,5.24,3.0,12.0,2.73,4265.0,3218.0,3218.0,1047.0,4815.5,3508.1,0.0,0.0,371.0,8.7,3894.0,91.3,1885.0,44.2,1630.0,38.2,750.0,17.6,0.0,0.0,141.0,3.3,4124.0,96.7,7637.777777777777,0.0,541.4444444444445,2825.4444444444443,874.6666666666666,7.222222222222222,16666.666666666668,0.0,7272.222222222223,0.0,543.4444444444445,2844.4444444444443,870.2222222222222,7.666666666666667,16666.666666666668,0.0,6985.555555555556,0.0,555.2222222222222,2951.777777777778,852.5555555555555,8.555555555555555,16666.666666666668,0.0,6638.555555555556,0.0,548.7777777777778,2967.0,811.4444444444445,9.555555555555555,16666.666666666668,0.0,6216.333333333333,0.0,536.0,2948.0,772.3333333333334,10.333333333333334,16666.666666666668,0.0,5836.555555555556,0.0,528.6666666666666,2922.4444444444443,735.1111111111111,10.77777777777778,16666.666666666668,0.0,9,Local Station
CUTI,S01,BTS,กทม. (ผ่าน กรุงเทพธนาคม),BTSC (BTS Group),ราชดำริ,BTS ราชดำริ,3531.0,7,6,0,0,0,1,0,0,1,0,0,0,3,0,0.0,0.0,60.0,255.0,37.0,39.5,87.0,87.0,0.0,0.0,0.0,0.0,0.0,0.0,0.0,0.0,0,0,0.0,0.0,0.0,0.0,458.0,458.0,0.0,0.0,52.0,94.5,22,8.8,6.0,13.0,3.53,4818.0,3870.0,3870.0,948.0,4275.7,3989.9,0.0,0.0,140.0,2.9,4678.0,97.1,1561.0,32.4,1512.0,31.4,1745.0,36.2,0.0,0.0,131.0,2.7,4687.0,97.3,2394.4,0.0,0.0,22895.2,9283.2,984.2,0.0,0.6,2316.4,0.0,0.0,22972.4,9234.6,1031.6,0.0,0.6,2258.4,0.0,0.0,23726.8,9047.6,1157.8,0.0,0.6,2174.8,0.0,0.0,23706.2,8611.8,1296.4,0.0,0.6,2061.6,0.0,0.0,23406.4,8197.0,1396.0,0.0,0.6,1957.0,0.0,0.0,23063.0,7802.2,1463.0,0.0,0.6,5,Local Station
CUTI,S08,BTS,กทม. (ผ่าน กรุงเทพธนาคม),BTSC (BTS Group),วงเวียนใหญ่,BTS วงเวียนใหญ่,8824.0,11,14,0,0,3,1,0,0,0,0,0,11,0,0,7.0,9.25,0.0,0.0,40.0,101.5,0.0,0.0,0.0,0.0,0.0,0.0,0.0,0.0,0.0,0.0,0,0,0.0,0.0,5.0,37.5,0.0,0.0,0.0,0.0,30.0,68.25,34,6.67,2.5,12.0,2.94,3144.0,2581.0,2581.0,563.0,4068.3,2773.2,0.0,0.0,134.0,4.3,1125.0,35.8,338.0,10.8,201.0,6.4,720.0,22.9,0.0,0.0,1006.0,32.0,253.0,8.0,6661.111111111111,0.0,711.1111111111111,3806.555555555556,693.2222222222222,56.77777777777778,0.0,0.1111111111111111,6280.333333333333,0.0,713.8888888888889,3825.6666666666665,689.6666666666666,59.44444444444444,0.0,0.1111111111111111,5982.222222222223,0.0,729.2222222222222,3960.8888888888887,675.4444444444445,66.77777777777777,0.0,0.1111111111111111,5648.222222222223,0.0,720.7777777777778,3969.0,643.1111111111111,75.0,0.0,0.1111111111111111,5263.666666666667,0.0,704.1111111111111,3931.555555555556,612.1111111111111,80.55555555555556,0.0,0.1111111111111111,4924.111111111111,0.0,694.6666666666666,3886.0,582.6666666666666,84.66666666666667,0.0,0.1111111111111111,9,Local Station
CUTI,S11,BTS,กทม. (ผ่าน กรุงเทพธนาคม),BTSC (BTS Group),วุฒากาศ,BTS วุฒากาศ,8848.0,6,5,0,0,1,0,0,0,0,0,0,3,0,0,10.0,32.0,0.0,0.0,171.0,171.0,0.0,0.0,0.0,0.0,0.0,0.0,0.0,0.0,0.0,0.0,0,0,0.0,0.0,57.0,57.0,0.0,0.0,0.0,0.0,10.0,30.5,38,4.95,3.0,15.0,2.84,3956.0,2499.0,2499.0,1457.0,3003.7,2716.7,0.0,0.0,1150.0,29.1,2806.0,70.9,682.0,17.2,1344.0,34.0,1930.0,48.8,0.0,0.0,1438.0,36.3,2378.0,60.1,8319.5,1.0,389.0,2805.8333333333335,1378.1666666666667,10.833333333333334,0.0,0.1666666666666666,8076.833333333333,1.0,390.5,2842.5,1371.0,11.5,0.0,0.1666666666666666,7903.333333333333,1.0,398.8333333333333,2979.3333333333335,1343.3333333333333,12.833333333333334,0.0,0.1666666666666666,7637.5,0.8333333333333334,394.3333333333333,3033.0,1278.3333333333333,14.333333333333334,0.0,0.1666666666666666,7261.666666666667,0.8333333333333334,385.1666666666667,3057.5,1216.8333333333333,15.5,0.0,0.1666666666666666,6914.166666666667,0.8333333333333334,380.0,3076.3333333333335,1158.3333333333333,16.166666666666668,0.0,0.1666666666666666,6,Local Station
CUTI,N04,BTS,กทม. (ผ่าน กรุงเทพธนาคม),BTSC (BTS Group),สนามเป้า,BTS สนามเป้า,4974.0,7,2,0,0,0,0,0,0,1,0,0,2,0,0,10.0,60.0,0.0,0.0,10.0,25.0,34.0,34.0,0.0,0.0,0.0,0.0,0.0,0.0,0.0,0.0,0,0,0.0,0.0,0.0,0.0,0.0,0.0,0.0,0.0,110.0,110.0,19,6.95,4.0,16.0,3.15,3729.0,2948.0,2948.0,781.0,2935.2,2703.9,0.0,0.0,0.0,0.0,3729.0,100.0,2409.0,64.6,989.0,26.5,331.0,8.9,0.0,0.0,296.0,7.9,3433.0,92.1,7058.8,0.0,184.4,12074.0,371.2,78.8,0.0,0.2,6848.8,0.0,185.0,12134.6,369.2,82.8,0.0,0.2,6714.8,0.0,189.0,12563.4,361.6,92.8,0.0,0.2,6515.8,0.0,187.0,12589.8,344.4,103.8,0.0,0.2,6230.0,0.0,182.6,12469.6,327.6,112.0,0.0,0.2,5968.2,0.0,180.0,12324.0,312.0,117.2,0.0,0.2,5,Local Station
CUTI,S05,BTS,กทม. (ผ่าน กรุงเทพธนาคม),BTSC (BTS Group),สุรศักดิ์,BTS สุรศักดิ์,10021.0,6,6,0,0,0,0,0,0,2,0,0,1,2,0,10.0,10.0,40.0,67.0,44.0,62.5,23.0,36.0,0.0,0.0,0.0,0.0,0.0,0.0,0.0,0.0,0,0,0.0,0.0,0.0,0.0,0.0,0.0,0.0,0.0,6.0,12.5,37,6.97,3.0,11.0,2.52,9237.0,6194.0,6194.0,3043.0,7404.1,6317.3,0.0,0.0,1469.0,15.9,7768.0,84.1,4341.0,47.0,4564.0,49.4,332.0,3.6,0.0,0.0,2708.0,29.3,6529.0,70.7,3903.428571428571,0.0,532.4285714285714,22058.85714285714,5239.571428571428,580.1428571428571,0.0,0.4285714285714285,3771.571428571429,0.0,534.2857142857143,22253.571428571428,5212.142857142857,608.1428571428571,0.0,0.4285714285714285,3679.714285714286,0.0,545.8571428571429,23173.571428571428,5106.571428571428,682.4285714285714,0.0,0.4285714285714285,3551.1428571428573,0.0,539.4285714285714,23389.14285714286,4860.571428571428,763.8571428571429,0.0,0.4285714285714285,3375.8571428571427,0.0,527.1428571428571,23346.14285714286,4626.428571428572,822.7142857142857,0.0,0.4285714285714285,3216.5714285714284,0.0,520.0,23249.85714285714,4403.571428571428,862.2857142857143,0.0,0.4285714285714285,7,Local Station
CUTI,N05,BTS,กทม. (ผ่าน กรุงเทพธนาคม),BTSC (BTS Group),อารีย์,BTS อารีย์,15947.0,5,5,0,0,0,0,0,0,2,0,0,4,2,0,4.0,30.33333333333333,24.0,37.0,24.0,42.0,5.0,31.0,0.0,0.0,0.0,0.0,0.0,0.0,0.0,0.0,0,0,0.0,0.0,0.0,0.0,0.0,0.0,0.0,0.0,53.0,53.5,23,6.13,4.0,7.5,2.66,6354.0,4160.0,4160.0,2194.0,4778.8,4241.8,0.0,0.0,0.0,0.0,6354.0,100.0,2604.0,41.0,2961.0,46.6,789.0,12.4,0.0,0.0,143.0,2.3,6211.0,97.7,7075.714285714285,0.0,133.71428571428572,11829.142857142857,282.42857142857144,103.14285714285714,0.0,0.1428571428571428,6879.714285714285,0.0,134.14285714285714,11894.285714285714,280.85714285714283,108.14285714285714,0.0,0.1428571428571428,6761.428571428572,0.0,137.14285714285714,12324.142857142857,275.14285714285717,121.28571428571428,0.0,0.1428571428571428,6577.428571428572,0.0,135.57142857142858,12361.142857142857,262.0,135.71428571428572,0.0,0.1428571428571428,6305.0,0.0,132.42857142857142,12255.0,249.28571428571428,146.28571428571428,0.0,0.1428571428571428,6054.714285714285,0.0,130.57142857142858,12123.142857142857,237.28571428571428,153.14285714285714,0.0,0.1428571428571428,7,Local Station
CUTI,G2,GL,กทม. (ผ่าน กรุงเทพธนาคม),BTSC (BTS Group),เจริญนคร,BTS เจริญนคร,4314.954545,9,3,0,0,0,0,0,0,2,0,0,2,5,0,36.0,168.0,311.0,330.5,90.0,145.0,469.0,469.0,0.0,0.0,0.0,0.0,0.0,0.0,0.0,0.0,0,0,0.0,0.0,0.0,0.0,0.0,0.0,0.0,0.0,180.0,201.5,36,6.92,4.0,9.0,3.41,7129.0,3512.0,3512.0,3617.0,4343.7,3262.6,0.0,0.0,3260.0,45.7,3869.0,54.3,3154.0,44.2,3975.0,55.8,0.0,0.0,0.0,0.0,4334.0,60.8,2795.0,39.2,6171.8,0.0,295.6,5576.2,1243.4,182.0,150000.0,0.0,5720.2,0.0,296.6,5585.6,1236.8,190.8,150000.0,0.0,5356.6,0.0,303.2,5754.4,1211.4,214.0,150000.0,0.0,4975.8,0.0,299.6,5729.8,1153.6,239.6,150000.0,0.0,4566.4,0.0,292.6,5635.8,1097.6,258.0,150000.0,0.0,4211.4,0.0,288.8,5531.2,1044.8,270.6,150000.0,0.0,5,Local Station
CUTI,S04,BTS,กทม. (ผ่าน กรุงเทพธนาคม),BTSC (BTS Group),เซนต์หลุยส์,BTS เซนต์หลุยส์,7972.0,6,8,0,0,0,1,0,0,0,0,0,5,4,0,15.0,16.0,214.0,259.5,1.0,86.0,0.0,0.0,0.0,0.0,0.0,0.0,0.0,0.0,0.0,0.0,0,0,0.0,0.0,0.0,0.0,14.0,14.0,0.0,0.0,14.0,39.66666666666666,28,9.43,4.0,12.0,3.13,11534.0,5743.0,5743.0,5791.0,5792.8,5792.8,0.0,0.0,5188.0,45.0,6346.0,55.0,2328.0,20.2,9062.0,78.6,144.0,1.2,0.0,0.0,5277.0,45.8,6257.0,54.2,5456.0,0.0,376.7142857142857,29501.0,1596.428571428571,717.4285714285714,14285.714285714286,0.1428571428571428,5416.142857142857,0.0,378.1428571428572,29680.14285714286,1588.2857142857142,752.0,14285.714285714286,0.1428571428571428,5430.285714285715,0.0,386.2857142857143,30779.714285714286,1555.857142857143,843.8571428571429,14285.714285714286,0.1428571428571428,5378.285714285715,0.0,381.8571428571428,30908.428571428572,1481.0,944.8571428571428,14285.714285714286,0.1428571428571428,5239.0,0.0,373.0,30683.428571428572,1409.857142857143,1017.5714285714286,14285.714285714286,0.1428571428571428,5103.0,0.0,368.1428571428572,30395.0,1341.7142857142858,1066.2857142857142,14285.714285714286,0.1428571428571428,7,Local Station
CUTI,S09,BTS,กทม. (ผ่าน กรุงเทพธนาคม),BTSC (BTS Group),โพธิ์นิมิตร,BTS โพธิ์นิมิตร,2602.0,1,6,0,0,0,0,0,0,3,0,0,4,0,0,13.0,18.666666666666668,0.0,0.0,263.0,263.0,39.0,72.0,0.0,0.0,0.0,0.0,0.0,0.0,0.0,0.0,0,0,0.0,0.0,0.0,0.0,0.0,0.0,0.0,0.0,31.0,200.0,24,4.73,2.5,6.5,2.52,1950.0,1907.0,1907.0,43.0,3636.5,1804.7,0.0,0.0,890.0,45.6,1060.0,54.4,86.0,4.4,1864.0,95.6,0.0,0.0,0.0,0.0,1785.0,91.5,165.0,8.5,7810.857142857143,0.0,748.2857142857143,2912.5714285714284,1002.8571428571428,46.142857142857146,0.0,0.1428571428571428,7273.571428571428,0.0,751.2857142857143,2930.0,997.7142857142856,48.285714285714285,0.0,0.1428571428571428,6834.714285714285,0.0,767.2857142857143,3037.8571428571427,977.2857142857144,54.285714285714285,0.0,0.1428571428571428,6363.142857142857,0.0,758.4285714285714,3049.5714285714284,930.5714285714286,61.0,0.0,0.1428571428571428,5846.0,0.0,740.8571428571429,3026.4285714285716,885.5714285714286,65.42857142857143,0.0,0.1428571428571428,5393.571428571428,0.0,730.8571428571429,2997.0,842.8571428571429,68.71428571428571,0.0,0.1428571428571428,7,Local Station
CUTI,YL12,YL,รฟม.,BTS Group (EBM),กลันตัน,MRT กลันตัน,657.0,8,2,0,0,2,0,0,0,0,0,0,4,0,0,5.0,7.5,0.0,0.0,5.0,7.5,0.0,0.0,0.0,0.0,0.0,0.0,0.0,0.0,0.0,0.0,0,0,0.0,0.0,76.0,76.0,0.0,0.0,0.0,0.0,6.0,6.0,11,6.23,3.5,12.0,2.7,1900.0,1900.0,1900.0,0.0,2771.7,1884.7,0.0,0.0,0.0,0.0,1900.0,100.0,950.0,50.0,950.0,50.0,0.0,0.0,0.0,0.0,0.0,0.0,1900.0,100.0,3685.75,1.0,319.5,3818.75,1391.5,0.75,0.0,0.0,3790.0,1.0,320.75,3850.25,1384.5,0.75,0.0,0.0,3921.5,1.0,327.75,4006.75,1356.25,0.75,0.0,0.0,3991.25,0.75,323.75,4042.25,1291.0,0.75,0.0,0.0,3981.0,0.75,316.25,4034.25,1228.75,1.0,0.0,0.0,3960.0,0.75,311.75,4018.25,1169.75,1.0,0.0,0.0,4,Local Station
CUTI,BL12,BL,รฟม.,BEM,กำแพงเพชร,MRT กำแพงเพชร,3579.0,9,12,0,0,1,2,0,0,3,0,0,1,0,0,0.0,0.0,0.0,0.0,35.0,118.33333333333331,130.0,130.0,0.0,0.0,0.0,0.0,0.0,0.0,0.0,0.0,0,0,0.0,0.0,700.0,700.0,100.0,400.0,0.0,0.0,10.0,18.33333333333333,28,7.88,4.0,12.0,3.87,4179.0,4179.0,4179.0,0.0,4305.5,4238.3,0.0,0.0,101.0,2.4,4078.0,97.6,3573.0,85.5,363.0,8.7,243.0,5.8,0.0,0.0,61.0,1.5,4118.0,98.5,5684.0,0.0,74.0,9126.666666666666,445.6666666666667,308.6666666666667,5774.5,2.0,5608.833333333333,0.0,74.33333333333333,9165.5,443.3333333333333,323.3333333333333,5774.5,2.0,16941.0,0.0,75.66666666666667,15934.833333333334,434.3333333333333,363.1666666666667,130608.33333333331,2.0,28349.333333333332,0.0,75.0,18775.333333333332,413.5,406.5,185075.0,2.0,28192.166666666668,0.0,73.33333333333333,18671.666666666668,393.3333333333333,437.6666666666667,185075.0,2.0,28048.833333333332,0.0,72.0,18549.5,374.5,458.6666666666667,185075.0,2.0,6,Local Station
CUTI,BL24,BL,รฟม.,BEM,คลองเตย,MRT คลองเตย,3064.0,2,6,0,0,0,0,0,0,3,1,1,2,1,0,27.0,31.0,17.0,17.0,115.0,165.0,13.0,24.0,0.0,0.0,35.0,35.0,27.0,27.0,0.0,0.0,0,0,0.0,0.0,0.0,0.0,0.0,0.0,0.0,0.0,10.0,13.0,28,7.98,4.0,18.0,3.62,1994.0,1994.0,1994.0,0.0,3054.6,2147.8,0.0,0.0,155.0,7.8,1839.0,92.2,1081.0,54.2,795.0,39.9,118.0,5.9,0.0,0.0,75.0,3.8,1919.0,96.2,2137.3333333333335,0.0,470.3333333333333,3246.6666666666665,654.6666666666666,126.16666666666669,30000.0,0.8333333333333334,2038.3333333333333,0.0,472.1666666666667,3230.6666666666665,651.3333333333334,132.16666666666666,30000.0,0.8333333333333334,2318.3333333333335,0.0,482.6666666666667,7062.166666666667,638.1666666666666,148.33333333333334,30000.0,0.8333333333333334,2213.1666666666665,0.0,476.8333333333333,7007.0,607.3333333333334,166.16666666666666,30000.0,0.8333333333333334,2085.1666666666665,0.0,465.8333333333333,6909.5,578.1666666666666,179.0,30000.0,0.8333333333333334,1969.0,0.0,459.3333333333333,6808.666666666667,550.3333333333334,187.5,30000.0,0.8333333333333334,6,Local Station
CUTI,BL02,BL,รฟม.,BEM,จรัญฯ13,MRT จรัญฯ13,2973.0,4,4,0,0,0,0,0,0,1,0,0,4,0,0,10.32702314,19.52284806,0.0,0.0,7.654517157,9.5661346385,253.7903209,253.7903209,0.0,0.0,0.0,0.0,0.0,0.0,0.0,0.0,0,0,0.0,0.0,0.0,0.0,0.0,0.0,0.0,0.0,10.0,25.97549165,8,5.75,4.0,7.5,1.94,4862.0,2389.0,2389.0,2473.0,2439.2,2439.2,0.0,0.0,2055.0,42.3,2807.0,57.7,0.0,0.0,3960.0,81.4,902.0,18.6,0.0,0.0,2022.0,41.6,2840.0,58.4,10665.75,0.0,351.0,1637.5,2455.5,49.0,0.0,0.0,10106.75,0.0,352.5,1646.25,2442.25,51.5,0.0,0.0,9665.5,0.0,360.0,1705.5,2393.0,57.75,0.0,0.0,9151.0,0.0,356.0,1710.5,2277.75,64.75,0.0,0.0,8544.5,0.0,347.5,1696.25,2168.25,69.75,0.0,0.0,8004.75,0.0,342.75,1679.0,2063.5,73.0,0.0,0.0,4,Local Station
CUTI,PK10,PK,รฟม.,BTS Group (NBM),ทะเลสาบเมืองทองธานี,MRT ทะเลสาบเมืองทองธานี,1281.0,0,0,0,0,0,0,0,0,2,0,0,3,0,0,9.0,27.33333333333333,0.0,0.0,0.0,0.0,21.0,23.0,0.0,0.0,0.0,0.0,0.0,0.0,0.0,0.0,0,0,0.0,0.0,0.0,0.0,0.0,0.0,0.0,0.0,0.0,0.0,22,8.0,6.0,12.0,1.38,1710.0,1410.0,1410.0,300.0,5645.9,1411.2,0.0,0.0,300.0,17.5,1110.0,64.9,1410.0,82.5,0.0,0.0,0.0,0.0,0.0,0.0,300.0,17.5,1110.0,64.9,12786.4,0.0,122.8,15503.6,8860.8,316.6,28000.0,2.0,13418.2,0.0,124.8,15658.8,8799.4,342.0,28000.0,2.0,14654.6,0.0,130.6,16332.6,8573.0,412.8,28000.0,2.0,15898.8,0.0,136.8,17099.0,8424.4,496.6,28000.0,2.0,17022.2,0.0,142.0,17777.2,8278.8,560.6,28000.0,2.0,18139.0,0.0,147.6,18505.4,8135.2,605.4,28000.0,2.0,5,Destination Gateway
CUTI,YL22,YL,รฟม.,BTS Group (EBM),ทิพวัล,MRT ทิพวัล,1179.0,8,9,0,0,0,0,0,0,3,0,0,4,0,0,5.0,32.0,0.0,0.0,59.0,174.75,16.0,26.0,0.0,0.0,0.0,0.0,0.0,0.0,0.0,0.0,0,0,0.0,0.0,0.0,0.0,0.0,0.0,0.0,0.0,5.0,12.5,52,4.02,3.0,9.0,1.88,2900.0,2450.0,2450.0,450.0,4006.1,2469.1,0.0,0.0,2450.0,84.5,450.0,15.5,900.0,31.0,2000.0,69.0,0.0,0.0,900.0,31.0,2000.0,69.0,0.0,0.0,9068.25,0.0,5872.5,3757.0,1917.25,0.0,0.0,0.0,9414.0,0.0,6051.75,3892.0,1903.75,0.0,0.0,0.0,9733.25,0.0,6507.75,4205.25,1856.25,0.0,0.0,0.0,9724.25,0.0,6826.0,4422.25,1818.5,0.0,0.0,0.0,9647.25,0.0,7088.0,4596.75,1782.25,0.0,0.0,0.0,9589.25,0.0,7402.5,4805.25,1746.25,0.0,0.0,0.0,4,Local Station
CUTI,YL08,YL,รฟม.,BTS Group (EBM),บางกะปิ,MRT บางกะปิ,3820.0,12,9,2,0,1,0,0,2,0,0,1,3,0,0,5.0,80.0,0.0,0.0,10.0,33.25,0.0,0.0,0.0,0.0,0.0,0.0,5.0,5.0,0.0,0.0,0,0,200.0,200.0,200.0,200.0,0.0,0.0,0.0,0.0,3.0,144.33333333333334,45,5.43,3.5,12.0,1.49,2050.0,2050.0,2050.0,0.0,6218.3,2053.8,0.0,0.0,110.0,5.4,1940.0,94.6,1530.0,74.6,520.0,25.4,0.0,0.0,0.0,0.0,1060.0,51.7,990.0,48.3,18139.5,0.0,168.25,14429.75,950.5,262.5,108926.5,0.0,17622.5,0.0,169.0,14480.0,945.5,275.25,108926.5,0.0,17283.5,0.0,173.0,14958.25,926.5,309.0,108926.5,0.0,16671.75,0.0,170.75,14947.25,881.75,346.0,108926.5,0.0,15804.25,0.0,166.75,14759.75,839.25,372.5,108926.5,0.0,14971.0,0.0,164.75,14543.75,798.75,390.25,108926.5,0.0,4,Local Station
CUTI,BL04,BL,รฟม.,BEM,บางขุนนนท์,MRT บางขุนนนท์,4985.0,6,5,0,0,0,0,0,0,1,0,0,5,0,0,10.0,27.75,0.0,0.0,40.0,75.0,170.0,170.0,0.0,0.0,0.0,0.0,0.0,0.0,0.0,0.0,0,0,0.0,0.0,0.0,0.0,0.0,0.0,0.0,0.0,10.0,143.33333333333334,19,6.34,4.0,11.0,2.46,6482.0,3695.0,2723.0,3759.0,3932.6,3654.2,0.0,0.0,3233.0,49.9,3249.0,50.1,2072.0,32.0,4410.0,68.0,0.0,0.0,0.0,0.0,3233.0,49.9,3249.0,50.1,12494.57142857143,0.1428571428571428,234.8571428571429,3476.714285714286,1393.2857142857142,137.14285714285714,60184.57142857143,0.1428571428571428,11938.0,0.1428571428571428,235.71428571428572,3495.8571428571427,1385.857142857143,143.85714285714286,60184.57142857143,0.1428571428571428,11560.714285714286,0.1428571428571428,240.8571428571429,3622.571428571429,1357.857142857143,161.71428571428572,60184.57142857143,0.1428571428571428,11121.42857142857,0.1428571428571428,238.1428571428571,3634.571428571429,1292.142857142857,180.71428571428572,60184.57142857143,0.1428571428571428,10579.857142857143,0.1428571428571428,232.42857142857144,3605.571428571429,1230.2857142857142,194.71428571428572,60184.57142857143,0.1428571428571428,10120.42857142857,0.1428571428571428,229.28571428571428,3569.714285714286,1170.857142857143,204.1428571428571,60184.57142857143,0.1428571428571428,7,Local Station
CUTI,BL07,BL,รฟม.,BEM,บางพลัด,MRT บางพลัด,2521.0,4,3,0,0,0,0,0,0,0,0,0,5,0,0,10.0,186.66666666666663,0.0,0.0,25.0,117.5,0.0,0.0,0.0,0.0,0.0,0.0,0.0,0.0,0.0,0.0,0,0,0.0,0.0,0.0,0.0,0.0,0.0,0.0,0.0,180.0,230.0,28,5.46,4.0,6.5,3.04,1905.0,1905.0,1905.0,0.0,2771.9,2052.7,0.0,0.0,0.0,0.0,1905.0,100.0,1260.0,66.1,645.0,33.9,0.0,0.0,0.0,0.0,0.0,0.0,1905.0,100.0,7558.2,0.0,249.0,2717.2,2113.8,164.6,8352.2,0.0,7064.8,0.0,250.0,2733.4,2103.0,172.4,8352.2,0.0,6669.2,0.0,255.2,2834.4,2060.6,193.6,8352.2,0.0,6241.0,0.0,252.4,2846.4,1961.2,216.6,8352.2,0.0,5766.2,0.0,246.6,2826.8,1866.8,233.2,8352.2,0.0,5350.8,0.0,243.4,2801.4,1776.8,244.4,8352.2,0.0,5,Local Station
CUTI,BL05,BL,รฟม.,BEM,บางยี่ขัน,MRT บางยี่ขัน,6399.0,6,7,0,0,0,0,0,0,0,0,0,6,0,0,30.0,30.0,0.0,0.0,50.0,50.0,0.0,0.0,0.0,0.0,0.0,0.0,0.0,0.0,0.0,0.0,0,0,0.0,0.0,0.0,0.0,0.0,0.0,0.0,0.0,15.0,82.5,27,5.46,4.0,7.0,3.67,2020.0,2020.0,2020.0,0.0,2492.3,2076.9,0.0,0.0,0.0,0.0,2020.0,100.0,1764.0,87.3,256.0,12.7,0.0,0.0,0.0,0.0,0.0,0.0,2020.0,100.0,12344.75,0.0,797.25,6220.75,2582.25,449.0,12775.0,0.25,12415.5,0.0,800.5,6234.25,2568.5,471.0,12775.0,0.25,12565.75,0.0,817.5,6426.5,2516.5,528.5,12775.0,0.25,12518.75,0.0,808.0,6404.5,2395.25,591.5,12775.0,0.25,12235.0,0.0,789.5,6303.75,2280.25,637.25,12775.0,0.25,11942.25,0.0,779.0,6190.25,2170.25,667.75,12775.0,0.25,4,Local Station
CUTI,BL08,BL,รฟม.,BEM,บางอ้อ,MRT บางอ้อ,4440.0,6,2,0,0,0,0,0,0,0,0,0,5,0,0,30.0,30.0,0.0,0.0,45.0,67.5,0.0,0.0,0.0,0.0,0.0,0.0,0.0,0.0,0.0,0.0,0,0,0.0,0.0,0.0,0.0,0.0,0.0,0.0,0.0,5.0,5.0,23,5.39,4.0,7.5,3.17,1895.0,1895.0,1895.0,0.0,2476.8,2022.2,0.0,0.0,0.0,0.0,1895.0,100.0,1535.0,81.0,360.0,19.0,0.0,0.0,0.0,0.0,0.0,0.0,1895.0,100.0,5601.5,0.0,195.0,2987.0,689.0,71.25,0.0,0.0,5475.25,0.0,195.75,3004.25,685.5,74.5,0.0,0.0,5387.0,0.0,200.0,3114.25,671.75,83.5,0.0,0.0,5227.0,0.0,197.75,3126.5,639.5,93.5,0.0,0.0,4985.0,0.0,193.25,3103.25,608.5,100.75,0.0,0.0,4756.5,0.0,190.5,3074.25,579.0,105.5,0.0,0.0,4,Local Station
CUTI,BL37,BL,รฟม.,BEM,บางแค,MRT บางแค,5160.0,4,7,1,0,0,1,0,0,1,0,0,6,0,0,12.66381364,38.5350543,0.0,0.0,56.87250348,148.69837519333333,105.3778386,105.3778386,0.0,0.0,0.0,0.0,0.0,0.0,0.0,0.0,0,0,56.87250348,56.87250348,0.0,0.0,56.87250348,56.87250348,0.0,0.0,10.0,26.95695621,14,5.89,4.0,10.0,3.27,2723.0,2306.0,2306.0,417.0,3366.5,2418.7,0.0,0.0,0.0,0.0,2723.0,100.0,0.0,0.0,2723.0,100.0,0.0,0.0,0.0,0.0,545.0,20.0,2178.0,80.0,10022.4,2.6,1074.6,2245.2,1192.2,20.6,6134.8,0.0,9896.8,2.6,1078.6,2249.2,1185.6,21.4,6134.8,0.0,9852.2,2.6,1102.2,2317.6,1161.8,24.0,6134.8,0.0,9529.8,2.4,1089.4,2309.0,1105.8,26.8,6134.8,0.0,9013.6,2.4,1064.0,2273.4,1052.6,28.8,6134.8,0.0,8485.6,2.4,1049.6,2234.6,1002.0,30.4,6134.8,0.0,5,Local Station
CUTI,BL33,BL,รฟม.,BEM,บางไผ่,MRT บางไผ่,2886.0,5,4,0,0,1,0,0,0,1,0,0,5,0,0,12.16913519,29.799611010000003,0.0,0.0,11.49854197,26.702783825,240.1273279,240.1273279,0.0,0.0,0.0,0.0,0.0,0.0,0.0,0.0,0,0,0.0,0.0,240.1273279,240.1273279,0.0,0.0,0.0,0.0,17.31339795,44.788467245,11,6.14,4.0,10.0,3.07,2215.0,2061.0,2061.0,154.0,2482.5,2151.4,0.0,0.0,0.0,0.0,2215.0,100.0,0.0,0.0,1907.0,86.1,308.0,13.9,0.0,0.0,0.0,0.0,2215.0,100.0,5508.5,0.0,1367.0,2281.5,1722.8333333333333,0.0,0.0,0.1666666666666666,5468.666666666667,0.0,1372.5,2289.6666666666665,1713.8333333333333,0.0,0.0,0.1666666666666666,5464.666666666667,0.0,1401.6666666666667,2364.8333333333335,1679.3333333333333,0.0,0.0,0.1666666666666666,5381.166666666667,0.0,1385.8333333333333,2362.8333333333335,1598.3333333333333,0.0,0.0,0.1666666666666666,5203.666666666667,0.0,1353.6666666666667,2332.5,1521.3333333333333,0.0,0.0,0.1666666666666666,5030.333333333333,0.0,1335.3333333333333,2297.5,1448.0,0.0,0.0,0.1666666666666666,6,Local Station
CUTI,BL20,BL,รฟม.,BEM,พระราม 9,MRT พระราม 9,26515.0,6,10,0,0,1,2,0,0,7,0,0,1,0,0,475.4520284,475.4520284,0.0,0.0,17.3240662,70.59836645,18.39296367,28.87691987,0.0,0.0,0.0,0.0,0.0,0.0,0.0,0.0,0,0,0.0,0.0,43.34500771,43.34500771,15.54099817,152.32780583500002,0.0,0.0,18.39296367,21.64287595,45,7.56,4.0,15.0,2.07,11757.0,5753.0,5753.0,6004.0,8073.4,6000.8,0.0,0.0,6429.0,54.7,5328.0,45.3,1625.0,13.8,8308.0,70.7,1824.0,15.5,0.0,0.0,6461.0,55.0,5296.0,45.0,6882.857142857143,0.0,681.0,12076.57142857143,306.57142857142856,338.42857142857144,49791.42857142857,0.0,6622.0,0.0,683.4285714285714,12101.714285714286,304.85714285714283,354.85714285714283,49791.42857142857,0.0,6863.428571428572,0.0,698.2857142857143,14266.285714285714,298.85714285714283,398.0,49791.42857142857,0.0,6688.142857142857,0.0,690.2857142857143,14222.57142857143,284.2857142857143,445.8571428571428,49791.42857142857,0.0,6457.285714285715,0.0,674.2857142857143,14027.57142857143,270.57142857142856,479.8571428571428,49791.42857142857,0.0,6269.0,0.0,665.0,13810.142857142857,257.7142857142857,503.0,49791.42857142857,0.0,7,Local Station
CUTI,YL02,YL,รฟม.,BTS Group (EBM),ภาวนา,MRT ภาวนา,998.0,4,4,0,1,0,0,0,0,1,0,0,4,0,0,3.0,7.666666666666667,0.0,0.0,30.0,44.0,56.0,56.0,0.0,0.0,0.0,0.0,0.0,0.0,0.0,0.0,0,0,0.0,0.0,0.0,0.0,0.0,0.0,0.0,0.0,74.0,97.0,56,4.75,3.5,10.5,2.0,2000.0,2000.0,2000.0,0.0,4606.8,2033.2,0.0,0.0,0.0,0.0,2000.0,100.0,2000.0,100.0,0.0,0.0,0.0,0.0,0.0,0.0,0.0,0.0,2000.0,100.0,10372.4,0.0,326.6,7649.6,556.0,111.8,0.0,0.0,10371.4,0.0,328.0,7719.8,553.2,117.0,0.0,0.0,10460.8,0.0,335.0,8044.2,542.0,131.4,0.0,0.0,10414.0,0.0,331.2,8127.2,516.0,146.8,0.0,0.0,10193.2,0.0,323.6,8123.2,491.0,158.4,0.0,0.0,9975.0,0.0,319.0,8102.8,467.4,166.0,0.0,0.0,5,Local Station
CUTI,BL36,BL,รฟม.,BEM,ภาษีเจริญ,MRT ภาษีเจริญ,8174.0,8,3,0,0,1,0,0,0,5,0,0,10,0,0,6.650893519,28.16047986966667,0.0,0.0,31.02583725,34.15918754,6.880025954,18.952931602,0.0,0.0,0.0,0.0,0.0,0.0,0.0,0.0,0,0,0.0,0.0,47.06273172,47.06273172,0.0,0.0,0.0,0.0,60.0,133.57144060000002,10,5.5,4.0,8.0,3.9,2529.0,2201.0,2201.0,328.0,3175.2,2332.6,0.0,0.0,0.0,0.0,2529.0,100.0,0.0,0.0,2529.0,100.0,0.0,0.0,0.0,0.0,0.0,0.0,2529.0,100.0,7477.833333333333,2.3333333333333335,1032.6666666666667,887.3333333333334,668.5,43.166666666666664,50000.0,0.0,7308.166666666667,2.3333333333333335,1037.0,878.6666666666666,664.8333333333334,45.166666666666664,50000.0,0.0,7188.5,2.3333333333333335,1059.3333333333333,888.6666666666666,651.5,50.666666666666664,50000.0,0.0,6971.666666666667,2.1666666666666665,1046.8333333333333,864.3333333333334,620.0,56.666666666666664,50000.0,0.0,6644.333333333333,2.0,1022.6666666666666,827.8333333333334,590.1666666666666,61.0,50000.0,0.0,6334.833333333333,2.0,1009.1666666666666,790.3333333333334,561.8333333333334,63.833333333333336,50000.0,0.0,6,Local Station
CUTI,YL06,YL,รฟม.,BTS Group (EBM),มหาดไทย,MRT มหาดไทย,1624.0,4,9,0,2,1,0,0,0,1,0,0,5,0,0,5.0,5.0,0.0,0.0,5.0,80.0,61.0,61.0,0.0,0.0,0.0,0.0,0.0,0.0,0.0,0.0,0,0,0.0,0.0,61.0,61.0,0.0,0.0,0.0,0.0,57.0,78.5,71,4.32,3.5,10.5,1.8,3000.0,2500.0,2500.0,500.0,4763.7,2514.7,0.0,0.0,0.0,0.0,3000.0,100.0,3000.0,100.0,0.0,0.0,0.0,0.0,0.0,0.0,0.0,0.0,3000.0,100.0,17848.5,0.0,665.5,5125.0,2812.0,31.5,0.0,0.0,16932.0,0.0,668.5,5150.5,2797.0,33.0,0.0,0.0,16198.5,0.0,682.5,5334.0,2740.5,37.0,0.0,0.0,14902.0,0.0,674.5,5347.0,2609.0,41.5,0.0,0.0,13362.5,0.0,659.0,5297.5,2483.0,44.5,0.0,0.0,11891.5,0.0,650.0,5238.5,2363.5,46.5,0.0,0.0,2,Local Station
CUTI,BL16,BL,รฟม.,BEM,รัชดาภิเษก,MRT รัชดาภิเษก,5646.0,6,1,0,0,0,0,0,0,3,1,1,3,0,0,30.77090117,30.77090117,0.0,0.0,17.22048848,60.23680644,33.83854136,41.61898841000001,0.0,0.0,30.77090117,30.77090117,30.77090117,30.77090117,0.0,0.0,0,0,0.0,0.0,0.0,0.0,0.0,0.0,0.0,0.0,48.98909746,48.98909746,12,6.96,4.5,10.0,2.64,3914.0,1910.0,1910.0,2004.0,3401.6,2004.7,0.0,0.0,2004.0,51.2,1910.0,48.8,469.0,12.0,3445.0,88.0,0.0,0.0,0.0,0.0,2243.0,57.3,1671.0,42.7,7643.714285714285,0.0,193.1428571428571,5696.428571428572,268.14285714285717,424.7142857142857,0.0,0.0,7625.714285714285,0.0,193.8571428571429,5752.0,266.57142857142856,444.8571428571428,0.0,0.0,7676.714285714285,0.0,198.1428571428571,5999.571428571428,261.42857142857144,499.42857142857144,0.0,0.0,7629.285714285715,0.0,196.0,6069.285714285715,248.71428571428572,559.0,0.0,0.0,7455.142857142857,0.0,191.42857142857144,6075.142857142857,236.71428571428572,602.1428571428571,0.0,0.0,7284.285714285715,0.0,188.57142857142856,6069.0,225.28571428571428,631.0,0.0,0.0,7,Local Station
CUTI,YL07,YL,รฟม.,BTS Group (EBM),ลาดพร้าว 101,MRT ลาดพร้าว 101,2267.0,8,9,2,2,0,0,0,0,1,0,0,7,0,0,2.0,9.75,0.0,0.0,25.0,49.0,37.0,37.0,73.0,73.0,0.0,0.0,0.0,0.0,0.0,0.0,0,0,73.0,73.0,0.0,0.0,0.0,0.0,0.0,0.0,24.0,49.66666666666666,72,4.56,3.5,9.0,2.01,4170.0,3670.0,3670.0,500.0,6952.9,3603.2,0.0,0.0,1000.0,24.0,3170.0,76.0,670.0,16.1,3500.0,83.9,0.0,0.0,0.0,0.0,1000.0,24.0,3170.0,76.0,20982.166666666668,0.0,474.5,8700.166666666666,2181.3333333333335,292.3333333333333,2500.0,0.0,20088.5,0.0,476.5,8741.0,2169.8333333333335,306.5,2500.0,0.0,19375.5,0.0,486.6666666666667,9046.833333333334,2126.0,344.0,2500.0,0.0,18194.166666666668,0.0,480.8333333333333,9062.166666666666,2023.6666666666667,385.3333333333333,2500.0,0.0,16728.833333333332,0.0,469.8333333333333,8972.333333333334,1926.0,414.6666666666667,2500.0,0.0,15336.833333333334,0.0,463.6666666666667,8865.166666666666,1833.3333333333333,434.6666666666667,2500.0,0.0,6,Local Station
CUTI,YL04,YL,รฟม.,BTS Group (EBM),ลาดพร้าว 71,MRT ลาดพร้าว 71,1648.0,10,5,0,0,0,0,0,0,1,0,0,8,0,0,2.0,2.5,0.0,0.0,5.0,31.5,37.0,37.0,0.0,0.0,0.0,0.0,0.0,0.0,0.0,0.0,0,0,0.0,0.0,0.0,0.0,0.0,0.0,0.0,0.0,29.0,51.5,73,5.77,3.5,15.0,2.08,6790.0,6230.0,6230.0,560.0,8711.5,5668.9,500.0,7.4,550.0,8.1,5740.0,84.5,1400.0,20.6,2440.0,35.9,2950.0,43.4,0.0,0.0,1550.0,22.8,5240.0,77.2,11055.5,0.0,1258.75,4564.0,1071.25,0.0,55500.0,0.0,10605.0,0.0,1263.5,4593.0,1065.5,0.0,55500.0,0.0,10275.75,0.0,1290.75,4766.0,1044.0,0.0,55500.0,0.0,9899.5,0.0,1276.0,4789.75,993.75,0.0,55500.0,0.0,9412.0,0.0,1246.25,4759.5,946.0,0.0,55500.0,0.0,8975.75,0.0,1229.25,4720.75,900.25,0.0,55500.0,0.0,4,Local Station
CUTI,YL05,YL,รฟม.,BTS Group (EBM),ลาดพร้าว 83,MRT ลาดพร้าว 83,2059.0,8,10,0,0,0,0,0,0,2,0,0,12,0,0,8.0,10.5,0.0,0.0,66.0,103.75,250.0,250.0,0.0,0.0,0.0,0.0,0.0,0.0,0.0,0.0,0,0,0.0,0.0,0.0,0.0,0.0,0.0,0.0,0.0,32.0,69.33333333333333,56,4.28,3.0,9.0,2.7,2000.0,2000.0,2000.0,0.0,5077.8,1975.3,0.0,0.0,0.0,0.0,2000.0,100.0,0.0,0.0,2000.0,100.0,0.0,0.0,0.0,0.0,0.0,0.0,2000.0,100.0,14533.75,0.0,533.75,4845.25,1479.0,15.75,55500.0,0.0,13894.75,0.0,536.0,4872.5,1471.0,16.5,55500.0,0.0,13410.0,0.0,547.25,5050.75,1441.25,18.5,55500.0,0.0,12701.75,0.0,541.0,5069.0,1372.25,20.75,55500.0,0.0,11825.0,0.0,528.25,5029.25,1306.0,22.25,55500.0,0.0,11010.0,0.0,521.25,4980.25,1243.0,23.25,55500.0,0.0,4,Local Station
CUTI,BL25,BL,รฟม.,BEM,ลุมพินี,MRT ลุมพินี,16497.0,8,8,0,0,0,0,0,0,3,0,0,2,0,0,289.3310947,387.08454095,0.0,0.0,9.594103158,119.797051579,21.03561414,25.723540725,0.0,0.0,0.0,0.0,0.0,0.0,0.0,0.0,0,0,0.0,0.0,0.0,0.0,0.0,0.0,0.0,0.0,23.62897419,40.902281285,35,8.07,4.0,15.0,2.76,3597.0,3597.0,3597.0,0.0,4065.5,3634.8,0.0,0.0,100.0,2.8,3497.0,97.2,1254.0,34.9,1875.0,52.1,468.0,13.0,0.0,0.0,815.0,22.7,2782.0,77.3,1115.0,0.0,209.8571428571429,5705.857142857143,390.7142857142857,258.0,76785.71428571429,1.4285714285714286,1081.428571428571,0.0,210.71428571428572,5686.857142857143,388.57142857142856,270.42857142857144,272857.14285714284,1.4285714285714286,1571.2857142857142,0.0,215.28571428571428,8967.285714285714,380.7142857142857,303.42857142857144,272857.14285714284,1.4285714285714286,1520.571428571429,0.0,212.8571428571429,8886.42857142857,362.42857142857144,339.7142857142857,272857.14285714284,1.4285714285714286,1453.142857142857,0.0,208.0,8731.857142857143,345.0,366.0,272857.14285714284,1.4285714285714286,1389.857142857143,0.0,205.0,8569.714285714286,328.42857142857144,383.42857142857144,272857.14285714284,1.4285714285714286,7,Local Station
CUTI,BL29,BL,รฟม.,BEM,วัดมังกร,MRT วัดมังกร,11984.0,13,7,0,0,0,2,0,0,1,0,0,0,1,0,0.0,0.0,0.0,0.0,165.4903335156726,197.7451667578363,3.0,3.0,0.0,0.0,0.0,0.0,0.0,0.0,0.0,0.0,0,0,0.0,0.0,0.0,0.0,400.0,400.0,0.0,0.0,17.63958127778928,49.418674072576046,48,6.81,4.0,13.5,1.65,20059.6,10144.8,10144.8,9914.8,9553.2,9381.8,0.0,0.0,1691.8,8.4,18367.8,91.6,0.0,0.0,16239.0,81.0,3820.6,19.0,331.9,1.7,10276.8,51.2,9450.9,47.1,5286.857142857143,0.0,112.0,9926.142857142857,713.5714285714286,313.0,0.0,1.7142857142857142,4828.571428571428,0.0,112.71428571428572,9972.42857142857,709.7142857142857,328.14285714285717,21252.285714285714,1.7142857142857142,4456.571428571428,0.0,115.0,10406.0,695.2857142857143,368.42857142857144,21252.285714285714,1.7142857142857142,4085.142857142858,0.0,113.57142857142856,10423.42857142857,661.5714285714286,412.42857142857144,21252.285714285714,1.7142857142857142,3703.0,0.0,111.14285714285714,10321.0,629.8571428571429,443.8571428571428,21252.285714285714,1.7142857142857142,3377.4285714285716,0.0,109.42857142857144,10199.857142857143,599.5714285714286,465.1428571428572,21252.285714285714,1.7142857142857142,7,Local Station
CUTI,YL10,YL,รฟม.,BTS Group (EBM),ศรีกรีฑา,MRT ศรีกรีฑา,1297.0,5,8,0,0,0,0,0,0,0,0,0,3,0,0,3.0,5.5,0.0,0.0,190.0,216.66666666666663,0.0,0.0,0.0,0.0,0.0,0.0,0.0,0.0,0.0,0.0,0,0,0.0,0.0,0.0,0.0,0.0,0.0,0.0,0.0,5.0,54.66666666666666,42,4.57,3.0,12.0,1.81,3993.0,3813.0,3813.0,180.0,4103.6,3360.0,0.0,0.0,1110.0,27.8,2883.0,72.2,1896.0,47.5,1447.0,36.2,650.0,16.3,0.0,0.0,650.0,16.3,3343.0,83.7,5381.714285714285,0.1428571428571428,464.57142857142856,3395.5714285714284,239.42857142857144,115.57142857142856,0.0,0.0,5469.0,0.1428571428571428,466.2857142857143,3422.5714285714284,238.28571428571428,121.28571428571428,0.0,0.0,5596.0,0.1428571428571428,476.1428571428572,3559.8571428571427,233.28571428571428,136.0,0.0,0.0,5607.857142857143,0.1428571428571428,470.8571428571428,3588.4285714285716,222.1428571428571,152.28571428571428,0.0,0.0,5503.428571428572,0.1428571428571428,459.8571428571428,3577.714285714286,211.42857142857144,164.0,0.0,0.0,5380.857142857143,0.1428571428571428,453.8571428571428,3560.0,201.28571428571428,171.85714285714286,0.0,0.0,7,Local Station
CUTI,YL20,YL,รฟม.,BTS Group (EBM),ศรีด่าน,MRT ศรีด่าน,1125.0,7,8,0,0,0,0,0,0,2,0,0,3,0,0,5.0,5.0,0.0,0.0,40.0,92.0,2.0,11.0,0.0,0.0,0.0,0.0,0.0,0.0,0.0,0.0,0,0,0.0,0.0,0.0,0.0,0.0,0.0,0.0,0.0,5.0,52.5,63,4.48,3.0,9.0,1.69,2822.0,2472.0,2472.0,350.0,5552.9,2438.0,0.0,0.0,2040.0,72.3,782.0,27.7,1650.0,58.5,1131.0,40.1,41.0,1.5,0.0,0.0,1590.0,56.3,1232.0,43.7,9861.4,0.0,658.0,6252.6,544.8,163.8,0.0,0.0,10990.4,0.0,678.2,6451.4,541.2,176.4,0.0,0.0,12210.4,0.0,729.2,6954.2,527.4,211.4,0.0,0.0,13063.4,0.0,764.8,7309.4,517.0,252.6,0.0,0.0,13824.6,0.0,794.4,7604.0,506.6,284.0,0.0,0.0,14602.4,0.0,829.4,7954.6,496.2,306.0,0.0,0.0,5,Local Station
CUTI,YL14,YL,รฟม.,BTS Group (EBM),ศรีนครินทร์ 38,MRT ศรีนครินทร์ 38,554.0,5,2,0,0,0,0,0,0,0,0,0,4,0,0,3.0,7.333333333333333,0.0,0.0,5.0,10.0,0.0,0.0,0.0,0.0,0.0,0.0,0.0,0.0,0.0,0.0,0,0,0.0,0.0,0.0,0.0,0.0,0.0,0.0,0.0,4.0,7.5,33,5.25,3.0,12.0,2.63,2020.0,2020.0,2020.0,0.0,5254.9,2016.2,0.0,0.0,0.0,0.0,2020.0,100.0,0.0,0.0,2020.0,100.0,0.0,0.0,0.0,0.0,0.0,0.0,2020.0,100.0,12478.666666666666,0.0,1331.6666666666667,5808.666666666667,3106.3333333333335,142.66666666666666,0.0,0.0,12236.0,0.0,1337.0,5841.333333333333,3090.0,149.33333333333334,0.0,0.0,12101.666666666666,0.0,1365.6666666666667,6054.333333333333,3027.6666666666665,168.0,0.0,0.0,11825.666666666666,0.0,1350.0,6076.333333333333,2881.3333333333335,188.0,0.0,0.0,11375.0,0.0,1318.6666666666667,6029.0,2742.6666666666665,202.66666666666663,0.0,0.0,10956.666666666666,0.0,1301.0,5970.666666666667,2610.6666666666665,212.33333333333337,0.0,0.0,3,Local Station
CUTI,YL13,YL,รฟม.,BTS Group (EBM),ศรีนุช,MRT ศรีนุช,1058.0,8,6,0,0,0,0,0,0,0,0,0,1,0,0,0.0,0.0,0.0,0.0,0.0,115.0,0.0,0.0,0.0,0.0,0.0,0.0,0.0,0.0,0.0,0.0,0,0,0.0,0.0,0.0,0.0,0.0,0.0,0.0,0.0,140.0,140.0,82,6.6,3.0,15.0,3.57,4204.0,3704.0,3704.0,500.0,11085.8,3287.0,0.0,0.0,520.0,12.4,3684.0,87.6,4014.0,95.5,190.0,4.5,0.0,0.0,0.0,0.0,1544.0,36.7,2660.0,63.3,14395.0,0.0,1518.0,4942.0,2247.5,51.5,0.0,0.0,14094.5,0.0,1524.0,4971.0,2235.5,54.0,0.0,0.0,13924.5,0.0,1556.5,5154.0,2190.5,61.0,0.0,0.0,13599.0,0.0,1539.0,5175.5,2084.5,68.0,0.0,0.0,13079.0,0.0,1503.0,5138.0,1984.0,73.5,0.0,0.0,12600.0,0.0,1483.0,5091.5,1888.5,77.0,0.0,0.0,2,Local Station
CUTI,YL18,YL,รฟม.,BTS Group (EBM),ศรีลาซาล,MRT ศรีลาซาล,1276.0,4,4,0,0,0,0,0,0,6,0,0,4,0,0,5.0,5.5,0.0,0.0,94.0,102.0,5.0,5.0,0.0,0.0,0.0,0.0,0.0,0.0,0.0,0.0,0,0,0.0,0.0,0.0,0.0,0.0,0.0,0.0,0.0,5.0,32.0,29,6.31,4.0,12.0,1.65,4022.0,3522.0,3522.0,500.0,5427.5,3563.0,0.0,0.0,1477.0,36.7,2545.0,63.3,1256.0,31.2,2586.0,64.3,180.0,4.5,200.0,5.0,927.0,23.0,2895.0,72.0,8870.0,0.75,3517.5,4443.0,2937.5,32.0,13463.5,0.0,9406.25,0.75,3580.5,4541.0,2921.75,34.25,13463.5,0.0,9990.75,0.75,3758.75,4826.5,2861.5,41.0,13463.5,0.0,10314.0,0.75,3838.25,4991.5,2729.75,49.0,13463.5,0.0,10520.75,0.75,3880.25,5108.75,2604.25,55.0,13463.5,0.0,10736.75,0.75,3956.25,5253.25,2484.75,59.25,13463.5,0.0,4,Local Station
CUTI,YL16,YL,รฟม.,BTS Group (EBM),ศรีอุดม,MRT ศรีอุดม,1390.0,10,9,0,0,0,0,0,0,2,0,0,5,0,0,3.0,4.0,0.0,0.0,3.0,45.5,8.0,9.0,0.0,0.0,0.0,0.0,0.0,0.0,0.0,0.0,0,0,0.0,0.0,0.0,0.0,0.0,0.0,0.0,0.0,3.0,34.666666666666664,34,6.05,4.0,12.0,1.83,4270.0,3870.0,3870.0,400.0,8467.8,3510.5,0.0,0.0,190.0,4.4,4080.0,95.6,2250.0,52.7,1620.0,37.9,400.0,9.4,0.0,0.0,710.0,16.6,3560.0,83.4,7381.0,0.0,1120.5,6944.5,363.0,344.0,0.0,0.0,7302.5,0.0,1125.0,6985.0,361.0,361.0,0.0,0.0,7286.0,0.0,1149.0,7242.0,354.0,405.0,0.0,0.0,7175.5,0.0,1136.0,7271.0,336.5,453.5,0.0,0.0,6950.0,0.0,1110.0,7218.5,320.5,488.5,0.0,0.0,6733.0,0.0,1095.0,7152.0,305.0,511.5,0.0,0.0,2,Local Station
CUTI,YL21,YL,รฟม.,BTS Group (EBM),ศรีเทพา,MRT ศรีเทพา,1238.0,4,13,0,0,0,0,0,0,2,0,0,4,0,0,5.0,7.5,0.0,0.0,130.0,135.0,10.0,11.0,0.0,0.0,0.0,0.0,0.0,0.0,0.0,0.0,0,0,0.0,0.0,0.0,0.0,0.0,0.0,0.0,0.0,5.0,19.33333333333333,41,5.85,3.5,12.0,2.1,2679.0,2679.0,2679.0,0.0,7683.6,2685.1,0.0,0.0,2613.0,97.5,66.0,2.5,1079.0,40.3,1600.0,59.7,0.0,0.0,0.0,0.0,2613.0,97.5,66.0,2.5,10698.5,0.0,925.5,4369.0,207.0,141.0,0.0,0.0,11094.5,0.0,953.5,4533.5,205.5,151.5,0.0,0.0,11449.5,0.0,1025.5,4902.0,200.5,182.0,0.0,0.0,11412.0,0.0,1075.5,5155.5,196.5,217.5,0.0,0.0,11290.0,0.0,1117.0,5358.0,192.5,244.5,0.0,0.0,11192.0,0.0,1166.5,5599.0,188.5,263.0,0.0,0.0,2,Local Station
CUTI,YL17,YL,รฟม.,BTS Group (EBM),ศรีเอี่ยม,MRT ศรีเอี่ยม,1162.0,6,5,1,0,0,0,0,0,2,1,0,2,0,0,3.0,176.5,0.0,0.0,170.0,293.3333333333333,10.0,60.0,0.0,0.0,140.0,140.0,0.0,0.0,0.0,0.0,0,0,0.0,0.0,0.0,0.0,0.0,0.0,0.0,0.0,5.0,183.0,29,7.86,4.0,25.5,2.2,3010.0,3010.0,3010.0,0.0,7821.0,3602.1,0.0,0.0,1400.0,46.5,1270.0,42.2,1540.0,51.2,1130.0,37.5,0.0,0.0,0.0,0.0,1270.0,42.2,1400.0,46.5,3772.4,0.0,1042.8,4832.4,480.0,254.6,0.0,0.0,3733.0,0.0,1046.8,4823.0,477.4,266.8,0.0,0.0,3723.4,0.0,1069.4,4940.8,468.0,299.4,0.0,0.0,3663.8,0.0,1057.0,4886.4,445.2,335.4,0.0,0.0,3544.0,0.0,1032.4,4770.2,423.8,361.0,0.0,0.0,3429.4,0.0,1018.4,4647.2,403.2,378.2,0.0,0.0,5,Local Station
CUTI,YL19,YL,รฟม.,BTS Group (EBM),ศรีแบริ่ง,MRT ศรีแบริ่ง,883.0,4,4,0,0,0,0,0,0,0,0,0,2,0,0,3.0,4.0,0.0,0.0,130.0,173.33333333333334,0.0,0.0,0.0,0.0,0.0,0.0,0.0,0.0,0.0,0.0,0,0,0.0,0.0,0.0,0.0,0.0,0.0,0.0,0.0,3.0,6.5,37,4.78,3.0,10.5,1.57,3380.0,3380.0,3380.0,0.0,4902.7,3405.4,2000.0,59.2,1380.0,40.8,0.0,0.0,2000.0,59.2,1380.0,40.8,0.0,0.0,690.0,20.4,2690.0,79.6,0.0,0.0,12346.25,0.0,3548.25,6094.25,3041.0,30.75,13463.5,0.0,13194.75,0.0,3613.75,6269.75,3024.5,33.0,13463.5,0.0,14092.25,0.0,3798.5,6716.75,2961.75,39.25,13463.5,0.0,14577.25,0.0,3883.75,7002.75,2828.0,47.0,13463.5,0.0,14922.75,0.0,3931.75,7221.5,2700.5,52.75,13463.5,0.0,15288.5,0.0,4013.5,7486.5,2579.0,56.75,13463.5,0.0,4,Local Station
CUTI,BL23,BL,รฟม.,BEM,ศูนย์ประชุมสิริกิติ์,MRT ศูนย์ประชุมสิริกิติ์,15479.0,9,15,0,0,0,3,0,0,3,3,1,3,2,0,179.96229725000808,179.96229725000808,190.02034262089936,190.02034262089936,13.392944797151728,25.11361107461177,72.27020875738016,73.82791481076032,0.0,0.0,67.79643301854486,93.76824596789824,67.79643301854486,67.79643301854486,0.0,0.0,0,0,0.0,0.0,0.0,0.0,203.97696585098245,203.97696585098245,0.0,0.0,10.852562127582654,13.04174439421431,43,7.4,4.0,13.0,2.35,7788.0,5852.0,5852.0,1936.0,6002.0,5384.7,0.0,0.0,2699.0,34.7,5089.0,65.3,1084.0,13.9,5554.0,71.3,1150.0,14.8,158.0,2.0,2822.0,36.2,4808.0,61.7,4496.666666666667,0.0,266.0,4474.833333333333,891.3333333333334,633.5,30000.0,0.8333333333333334,4025.5,0.0,267.1666666666667,4474.166666666667,886.8333333333334,664.1666666666666,30000.0,0.8333333333333334,3749.6666666666665,0.0,273.0,4716.833333333333,868.8333333333334,745.3333333333334,30000.0,0.8333333333333334,3375.8333333333335,0.0,269.6666666666667,4683.666666666667,826.8333333333334,834.5,30000.0,0.8333333333333334,3011.1666666666665,0.0,263.5,4594.833333333333,787.0,898.6666666666666,30000.0,0.8333333333333334,2706.8333333333335,0.0,259.8333333333333,4499.5,749.1666666666666,941.8333333333334,30000.0,0.8333333333333334,6,Destination Gateway
CUTI,BL19,BL,รฟม.,BEM,ศูนย์วัฒนธรรม,MRT ศูนย์วัฒนธรรม,17216.0,5,5,0,0,0,0,0,0,3,2,1,1,0,0,90.23603817,90.23603817,0.0,0.0,9.52622617,40.18589134,18.83239716,65.43870790333334,0.0,0.0,40.61977325,58.34595989,76.07214653,76.07214653,0.0,0.0,0,0,0.0,0.0,0.0,0.0,0.0,0.0,0.0,0.0,11.03579454,49.615027297500006,15,6.7,4.0,10.0,2.59,3798.0,3075.0,3075.0,723.0,3535.9,3187.9,0.0,0.0,0.0,0.0,3798.0,100.0,0.0,0.0,985.0,25.9,2813.0,74.1,0.0,0.0,0.0,0.0,3798.0,100.0,8606.5,0.0,128.75,11782.5,729.75,238.0,47895.0,3.25,8112.5,0.0,129.75,11820.5,726.0,249.5,47895.0,3.25,7750.25,0.0,132.25,12301.5,711.0,279.75,47895.0,3.25,7360.0,0.0,131.0,12287.0,677.0,313.5,47895.0,3.25,6917.0,0.0,127.75,12126.75,644.5,337.5,47895.0,3.25,6542.75,0.0,126.0,11944.25,613.25,353.75,47895.0,3.25,4,Local Station
CUTI,YL15,YL,รฟม.,BTS Group (EBM),สวนหลวง ร.9,MRT สวนหลวง ร.9,2990.0,8,11,0,0,7,0,0,0,0,0,0,8,0,0,140.0,195.0,0.0,0.0,69.0,120.66666666666669,0.0,0.0,0.0,0.0,0.0,0.0,0.0,0.0,0.0,0.0,0,0,0.0,0.0,120.0,210.0,0.0,0.0,0.0,0.0,67.0,139.0,39,5.04,3.0,12.0,1.92,4786.0,3473.0,3473.0,1313.0,6669.9,3338.5,393.0,8.2,1680.0,35.1,2713.0,56.7,2866.0,59.9,1920.0,40.1,0.0,0.0,813.0,17.0,1173.0,24.5,2800.0,58.5,8265.0,0.0,516.0,9912.0,840.0,107.33333333333331,278000.0,0.0,8152.666666666667,0.0,518.0,9950.0,835.6666666666666,112.66666666666669,278000.0,0.0,8102.666666666667,0.0,529.3333333333334,10283.333333333334,818.6666666666666,126.33333333333331,278000.0,0.0,7946.333333333333,0.0,523.0,10282.0,779.3333333333334,141.33333333333334,278000.0,0.0,7661.0,0.0,511.0,10159.333333333334,742.0,152.33333333333334,278000.0,0.0,7387.333333333333,0.0,504.3333333333333,10017.333333333334,705.6666666666666,159.66666666666666,278000.0,0.0,3,Local Station
CUTI,BL30,BL,รฟม.,BEM,สามยอด,MRT สามยอด,8371.0,14,4,0,0,0,0,0,0,0,0,0,0,0,0,0.0,0.0,0.0,0.0,17.0,17.0,0.0,0.0,0.0,0.0,0.0,0.0,0.0,0.0,0.0,0.0,0,0,0.0,0.0,0.0,0.0,0.0,0.0,0.0,0.0,45.0,45.0,29,8.57,4.0,15.0,2.1,14832.5,7416.2,7416.2,7416.2,7439.2,7303.2,0.0,0.0,2505.1,16.9,12327.4,83.1,0.0,0.0,10317.4,69.6,4515.1,30.4,682.1,4.6,3342.1,22.5,10808.3,72.9,5308.875,0.0,171.25,7270.75,1532.125,168.125,0.0,2.625,4853.875,0.0,171.875,7302.625,1524.0,176.125,18595.75,2.625,4485.25,0.0,175.625,7553.75,1493.25,197.75,18595.75,2.625,4116.875,0.0,173.625,7561.875,1421.375,221.5,18595.75,2.625,3737.5,0.0,169.625,7481.75,1352.875,238.375,18595.75,2.625,3414.375,0.0,167.25,7387.625,1287.75,249.875,18595.75,2.625,8,Local Station
CUTI,BL27,BL,รฟม.,BEM,สามย่าน,MRT สามย่าน,20030.0,15,13,0,0,1,3,0,0,1,1,0,3,5,0,30.0,95.0,32.0,32.0,70.0,89.0,60.0,60.0,0.0,0.0,120.0,120.0,0.0,0.0,0.0,0.0,0,0,0.0,0.0,0.0,0.0,40.0,107.5,0.0,0.0,20.0,25.0,96,9.08,2.5,18.0,2.71,12010.0,8057.0,7827.0,4183.0,10007.3,8539.9,26.0,0.2,793.0,6.6,11191.0,93.2,2937.0,24.5,2958.0,24.6,6115.0,50.9,143.0,1.2,3966.0,33.0,7901.0,65.8,1840.5,0.0,153.25,11237.625,5992.0,536.5,34000.0,0.625,1726.75,0.0,153.875,11220.5,5960.625,562.5,34000.0,0.625,1797.75,0.0,157.125,12238.125,5839.875,631.25,34000.0,0.625,1708.5,0.0,155.375,12119.5,5558.625,706.75,34000.0,0.625,1609.0,0.0,151.875,11859.5,5290.75,761.125,34000.0,0.625,1523.75,0.0,149.625,11583.25,5036.0,797.5,34000.0,0.625,8,Local Station
CUTI,BL06,BL,รฟม.,BEM,สิรินธร,MRT สิรินธร,4476.0,7,8,0,0,0,0,0,0,0,0,0,1,0,0,13.45772728,13.45772728,0.0,0.0,101.0995402,156.83001835,0.0,0.0,0.0,0.0,0.0,0.0,0.0,0.0,0.0,0.0,0,0,0.0,0.0,0.0,0.0,0.0,0.0,0.0,0.0,20.97618986,108.42535418,40,6.41,4.0,11.5,2.54,3811.0,3761.0,3761.0,50.0,2958.9,2808.7,0.0,0.0,0.0,0.0,3811.0,100.0,2670.0,70.1,871.0,22.9,270.0,7.1,0.0,0.0,98.0,2.6,3713.0,97.4,11182.75,0.0,502.25,4821.5,3530.25,244.25,8281.5,0.0,10752.75,0.0,504.5,4838.0,3511.75,256.0,8281.5,0.0,10444.5,0.0,515.25,4998.0,3440.75,287.5,8281.5,0.0,10041.75,0.0,509.25,4994.25,3275.0,321.75,8281.5,0.0,9516.5,0.0,497.5,4931.25,3117.25,346.5,8281.5,0.0,9043.75,0.0,491.0,4858.5,2967.25,363.0,8281.5,0.0,4,Local Station
CUTI,BL17,BL,รฟม.,BEM,สุทธิสาร,MRT สุทธิสาร,13220.0,4,9,0,0,0,0,0,0,2,0,0,3,0,0,9.792151459,27.4756635045,0.0,0.0,48.162708,135.59925429999998,296.3358147,321.2751604,0.0,0.0,0.0,0.0,0.0,0.0,0.0,0.0,0,0,0.0,0.0,0.0,0.0,0.0,0.0,0.0,0.0,82.56118476,99.73661364333331,23,6.85,4.0,12.5,2.34,6828.0,3379.0,3379.0,3449.0,3838.3,3519.1,0.0,0.0,2764.0,40.5,4064.0,59.5,1418.0,20.8,4701.0,68.8,709.0,10.4,0.0,0.0,2987.0,43.7,3841.0,56.3,9018.8,0.0,157.6,6839.2,202.6,480.6,0.0,0.2,8877.4,0.0,157.8,6890.8,201.4,503.8,0.0,0.2,8808.4,0.0,161.6,7163.8,197.4,565.4,0.0,0.2,8626.6,0.0,159.4,7216.4,188.0,633.0,0.0,0.2,8308.2,0.0,156.0,7189.6,178.8,681.8,0.0,0.2,8007.0,0.0,153.8,7148.6,170.2,714.4,0.0,0.2,5,Local Station
CUTI,BL38,BL,รฟม.,BEM,หลักสอง,MRT หลักสอง,18347.0,6,4,1,0,5,0,0,0,0,2,0,3,0,0,11.18706852,11.451319095,0.0,0.0,20.86137019,89.98549986333332,0.0,0.0,0.0,0.0,133.3418897,155.3376544,0.0,0.0,0.0,0.0,0,0,90.21625991,90.21625991,11.71556967,20.1060775,0.0,0.0,0.0,0.0,22.4611779,70.88591915333335,22,7.18,4.0,13.5,2.74,2358.0,2169.0,2169.0,189.0,3593.5,2207.4,0.0,0.0,0.0,0.0,2358.0,100.0,420.0,17.8,1730.0,73.4,208.0,8.8,0.0,0.0,0.0,0.0,2358.0,100.0,9577.0,1.25,2081.25,6188.75,285.5,27.75,75000.0,0.0,9844.5,1.25,2089.25,6221.25,284.0,29.25,75000.0,0.0,10207.25,1.25,2134.5,6444.75,278.25,32.75,75000.0,0.0,10781.25,1.25,2109.75,6463.0,265.0,36.75,75000.0,0.0,11245.75,1.25,2061.0,6408.0,252.25,39.5,75000.0,0.0,11739.75,1.25,2033.0,6340.75,240.25,41.25,75000.0,0.0,4,Local Station
CUTI,BL18,BL,รฟม.,BEM,ห้วยขวาง,MRT ห้วยขวาง,19020.0,11,13,0,0,0,1,0,0,0,1,1,1,0,0,30.32956195,30.32956195,0.0,0.0,15.78183332,73.9658611125,0.0,0.0,0.0,0.0,42.07529835,42.07529835,43.91083378,43.91083378,0.0,0.0,0,0,0.0,0.0,0.0,0.0,57.62400543,57.62400543,0.0,0.0,17.33342803,39.892540525,22,6.2,4.0,11.5,2.48,6343.0,3115.0,3115.0,3228.0,3605.4,3306.9,0.0,0.0,2331.0,36.7,4012.0,63.3,158.0,2.5,5098.0,80.4,1087.0,17.1,334.0,5.3,2294.0,36.2,3715.0,58.6,8927.4,0.0,119.0,8126.4,829.0,697.0,0.0,0.2,8909.0,0.0,119.4,8169.6,824.6,730.6,0.0,0.2,8970.0,0.0,122.0,8463.6,808.0,819.6,0.0,0.2,8909.2,0.0,120.4,8488.8,769.2,918.0,0.0,0.2,8693.8,0.0,118.0,8416.4,732.0,988.4,0.0,0.2,8480.6,0.0,116.2,8328.0,696.8,1036.0,0.0,0.2,5,Local Station
CUTI,BL32,BL,รฟม.,BEM,อิสรภาพ,MRT อิสรภาพ,6593.0,11,2,0,0,0,1,0,0,3,0,0,4,1,0,20.0,25.065726295,60.0,60.0,25.0,82.5,25.0,25.0,0.0,0.0,0.0,0.0,0.0,0.0,0.0,0.0,0,0,0.0,0.0,0.0,0.0,30.13145259,30.13145259,0.0,0.0,25.0,202.5,9,7.44,4.0,14.0,2.95,2980.0,1484.0,1484.0,1496.0,1989.5,1548.3,0.0,0.0,0.0,0.0,2980.0,100.0,0.0,0.0,685.0,23.0,2295.0,77.0,0.0,0.0,37.0,1.2,2943.0,98.8,9719.0,0.0,324.5,1592.5,6573.333333333333,16.666666666666668,3048.3333333333335,0.8333333333333334,9083.166666666666,0.0,325.8333333333333,1591.0,6538.833333333333,17.5,3048.3333333333335,0.8333333333333334,8569.166666666666,0.0,333.0,1632.6666666666667,6406.666666666667,19.833333333333332,3048.3333333333335,0.8333333333333334,8010.833333333333,0.0,329.0,1618.0,6098.0,22.166666666666668,3048.3333333333335,0.8333333333333334,7390.666666666667,0.0,321.5,1583.5,5804.333333333333,23.833333333333332,3048.3333333333335,0.8333333333333334,6847.333333333333,0.0,317.0,1547.0,5524.5,25.0,3048.3333333333335,0.8333333333333334,6,Local Station
CUTI,BL35,BL,รฟม.,BEM,เพชรเกษม48,MRT เพชรเกษม48,3347.0,6,2,0,0,0,0,0,0,0,0,0,6,0,0,5.995973931,19.6323335855,0.0,0.0,66.86114499,91.77131459999998,0.0,0.0,0.0,0.0,0.0,0.0,0.0,0.0,0.0,0.0,0,0,0.0,0.0,0.0,0.0,0.0,0.0,0.0,0.0,9.174404949,9.174404949,8,5.0,4.0,7.5,6.3,1907.0,1907.0,1907.0,0.0,3279.9,2000.7,0.0,0.0,0.0,0.0,1907.0,100.0,0.0,0.0,1907.0,100.0,0.0,0.0,0.0,0.0,0.0,0.0,1907.0,100.0,9442.857142857143,2.142857142857143,1001.4285714285714,1626.428571428571,1714.857142857143,14.428571428571429,0.0,0.0,9241.285714285714,2.142857142857143,1005.4285714285714,1622.428571428571,1705.857142857143,15.142857142857142,0.0,0.0,9115.714285714286,2.142857142857143,1027.142857142857,1660.0,1671.428571428571,17.0,0.0,0.0,8878.714285714286,2.0,1015.2857142857144,1639.142857142857,1590.857142857143,19.0,0.0,0.0,8507.142857142857,1.8571428571428572,991.5714285714286,1597.2857142857142,1514.142857142857,20.428571428571427,0.0,0.0,8159.0,1.8571428571428572,978.4285714285714,1553.0,1441.2857142857142,21.428571428571427,0.0,0.0,7,Local Station
CUTI,YL09,YL,รฟม.,BTS Group (EBM),แยกลำสาลี,MRT แยกลำสาลี,2578.0,9,17,0,1,0,0,0,0,0,0,0,5,0,0,5.0,41.66666666666666,0.0,0.0,69.0,109.5,0.0,0.0,0.0,0.0,0.0,0.0,0.0,0.0,0.0,0.0,0,0,0.0,0.0,0.0,0.0,0.0,0.0,0.0,0.0,3.0,16.5,63,4.91,3.5,12.0,1.75,5090.0,4810.0,4810.0,280.0,5360.5,4558.9,0.0,0.0,2910.0,57.2,2180.0,42.8,4390.0,86.2,700.0,13.8,0.0,0.0,0.0,0.0,3210.0,63.1,1880.0,36.9,11341.42857142857,0.0,331.7142857142857,8786.714285714286,929.8571428571428,227.1428571428571,60100.857142857145,0.0,11353.714285714286,0.0,333.0,8811.57142857143,925.0,238.1428571428571,60100.857142857145,0.0,11451.0,0.0,340.14285714285717,9093.57142857143,906.2857142857144,267.2857142857143,60100.857142857145,0.0,11315.0,0.0,336.2857142857143,9075.57142857143,862.5714285714286,299.2857142857143,60100.857142857145,0.0,10954.0,0.0,328.42857142857144,8948.857142857143,820.8571428571429,322.2857142857143,60100.857142857145,0.0,10569.57142857143,0.0,324.2857142857143,8805.285714285714,781.4285714285714,337.57142857142856,60100.857142857145,0.0,7,Local Station
CUTI,YL03,YL,รฟม.,BTS Group (EBM),โชคชัย 4,MRT โชคชัย 4,1577.0,9,9,0,2,0,0,0,0,6,0,0,7,0,0,5.0,9.333333333333334,0.0,0.0,6.0,34.666666666666664,140.0,193.33333333333337,120.0,120.0,0.0,0.0,0.0,0.0,0.0,0.0,0,0,0.0,0.0,0.0,0.0,0.0,0.0,0.0,0.0,6.0,25.5,56,4.64,4.0,12.0,2.02,3100.0,2550.0,2550.0,550.0,5886.6,2492.3,0.0,0.0,0.0,0.0,3100.0,100.0,550.0,17.7,0.0,0.0,2550.0,82.3,0.0,0.0,0.0,0.0,3100.0,100.0,11115.0,0.0,1955.0,5665.0,2333.5,0.0,0.0,0.0,10566.0,0.0,1963.0,5688.0,2321.0,0.0,0.0,0.0,10135.0,0.0,2005.0,5881.0,2274.0,0.0,0.0,0.0,9483.5,0.0,1982.0,5883.5,2164.5,0.0,0.0,0.0,8699.0,0.0,1936.0,5816.5,2060.0,0.0,0.0,0.0,7963.0,0.0,1910.0,5738.5,1961.0,0.0,0.0,0.0,2,Local Station
CUTI,BL03,BL,รฟม.,BEM,ไฟฉาย,MRT ไฟฉาย,3714.0,12,4,0,0,0,0,0,0,0,0,0,2,0,0,315.0,342.5,0.0,0.0,130.0,157.5,0.0,0.0,0.0,0.0,0.0,0.0,0.0,0.0,0.0,0.0,0,0,0.0,0.0,0.0,0.0,0.0,0.0,0.0,0.0,150.0,150.0,31,6.37,4.0,12.0,2.91,3792.0,3792.0,3792.0,0.0,4797.4,3892.2,0.0,0.0,0.0,0.0,3792.0,100.0,2660.0,70.1,969.0,25.6,163.0,4.3,0.0,0.0,921.0,24.3,2871.0,75.7,13939.25,0.0,258.75,1597.5,696.75,43.0,0.0,0.0,12937.5,0.0,260.0,1611.75,692.75,45.25,0.0,0.0,12129.25,0.0,265.75,1679.5,679.0,51.0,0.0,0.0,11279.75,0.0,262.75,1696.75,646.0,56.75,0.0,0.0,10363.25,0.0,256.5,1696.5,615.25,61.25,0.0,0.0,9568.75,0.0,252.75,1693.5,585.5,64.25,0.0,0.0,4,Local Station
CUTI,RN07,RW/RN,รฟท.,บ. รถไฟฟ้า ร.ฟ.ท.,การเคหะฯ,SRT การเคหะฯ,731.6818182,2,6,0,0,0,0,0,0,4,3,1,2,0,0,29.18036803,33.855910465,0.0,0.0,7.080162249,39.1293604945,12.17172708,53.79324429,0.0,0.0,39.87124286,51.00344246,41.75156835,41.75156835,0.0,0.0,0,0,0.0,0.0,0.0,0.0,0.0,0.0,0.0,0.0,24.93167941,54.557146785,40,6.08,4.0,19.0,3.81,1565.0,1157.0,1157.0,408.0,4536.6,1220.4,0.0,0.0,0.0,0.0,1565.0,100.0,755.0,48.2,0.0,0.0,810.0,51.8,0.0,0.0,0.0,0.0,1565.0,100.0,14427.666666666666,0.0,691.6666666666666,7542.0,713.0,74.33333333333333,0.0,0.0,14420.666666666666,0.0,694.3333333333334,7499.333333333333,709.3333333333334,77.66666666666667,0.0,0.0,14509.333333333334,0.0,709.0,7831.333333333333,695.0,87.33333333333333,0.0,0.0,14311.666666666666,0.0,700.6666666666666,7685.666666666667,661.3333333333334,97.66666666666669,0.0,0.0,13841.0,0.0,684.6666666666666,7438.0,629.3333333333334,105.33333333333331,0.0,0.0,13362.0,0.0,675.3333333333334,7179.333333333333,599.0,110.33333333333331,0.0,0.0,3,Local Station
CUTI,RN02,RW/RN,รฟท.,บ. รถไฟฟ้า ร.ฟ.ท.,จตุจักร,SRT จตุจักร,563.7272727,5,3,0,0,0,0,0,0,9,2,2,2,0,0,10.80637283432034,19.454332134160644,0.0,0.0,85.0,98.08115102425452,10.0,66.6,0.0,0.0,15.0,57.5,23.0,71.5,0.0,0.0,0,0,0.0,0.0,0.0,0.0,0.0,0.0,0.0,0.0,191.81537758100703,226.94820147130568,27,6.15,4.0,9.0,3.48,6246.0,3123.0,3123.0,3123.0,4999.5,3123.1,0.0,0.0,3025.0,48.4,3221.0,51.6,3025.0,48.4,2525.0,40.4,696.0,11.1,250.0,4.0,3490.0,55.9,2506.0,40.1,2932.0,0.0,585.5,3646.0,238.0,6.5,0.0,2.0,2682.3333333333335,0.0,587.8333333333334,3640.1666666666665,236.83333333333337,6.833333333333333,0.0,2.0,2471.8333333333335,0.0,600.5,3731.6666666666665,232.0,7.666666666666667,0.0,2.0,2255.3333333333335,0.0,593.6666666666666,3694.3333333333335,220.83333333333337,8.666666666666666,0.0,2.0,2031.0,0.0,579.8333333333334,3611.6666666666665,210.16666666666663,9.333333333333334,0.0,2.0,1839.6666666666667,0.0,571.8333333333334,3524.8333333333335,200.16666666666663,9.666666666666666,0.0,2.0,6,Local Station
CUTI,RW06,RW/RN,รฟท.,บ. รถไฟฟ้า ร.ฟ.ท.,ตลิ่งชัน,SRT ตลิ่งชัน,989.2727273,4,1,0,0,2,0,0,0,1,2,1,0,0,0,0.0,0.0,0.0,0.0,18.37948349,75.43308659499999,18.37948349,18.37948349,0.0,0.0,18.37948349,119.189741745,70.0,70.0,0.0,0.0,0,0,0.0,0.0,80.0,80.0,0.0,0.0,0.0,0.0,80.0,80.0,19,6.16,4.0,13.5,2.87,3460.0,2121.0,2121.0,1339.0,2816.9,2080.4,0.0,0.0,490.0,14.2,2970.0,85.8,2663.0,77.0,797.0,23.0,0.0,0.0,0.0,0.0,490.0,14.2,2970.0,85.8,4917.0,0.25,175.5,1057.75,65.0,0.0,0.0,0.0,4798.25,0.25,176.25,1059.5,64.75,0.0,0.0,0.0,4713.75,0.25,180.0,1091.75,63.25,0.0,0.0,0.0,4567.75,0.25,178.0,1087.5,60.25,0.0,0.0,0.0,4351.0,0.25,174.0,1070.25,57.25,0.0,0.0,0.0,4148.75,0.25,171.75,1051.0,54.75,0.0,0.0,0.0,4,Local Station
CUTI,RN05,RW/RN,รฟท.,บ. รถไฟฟ้า ร.ฟ.ท.,ทุ่งสองห้อง,SRT ทุ่งสองห้อง,533.5454545,2,1,0,0,0,0,0,0,9,3,2,1,0,0,45.51471853,45.51471853,0.0,0.0,36.23432966,36.23432966,11.35181655,24.574458826,0.0,0.0,64.80041715,88.59917432666667,53.03961266,53.03961266,0.0,0.0,0,0,0.0,0.0,0.0,0.0,0.0,0.0,0.0,0.0,20.82353337,20.82353337,24,7.17,4.0,19.0,2.03,3544.0,2282.0,2282.0,1262.0,3638.1,1391.2,0.0,0.0,527.0,14.9,3017.0,85.1,2872.0,81.0,0.0,0.0,672.0,19.0,0.0,0.0,527.0,14.9,3017.0,85.1,4120.333333333333,0.0,202.33333333333337,2157.0,4163.666666666667,162.33333333333334,0.0,0.0,4039.6666666666665,0.0,203.33333333333337,2171.0,4141.333333333333,170.33333333333334,0.0,0.0,3988.3333333333335,0.0,207.33333333333337,2254.0,4057.6666666666665,191.0,0.0,0.0,3839.6666666666665,0.0,205.0,2267.6666666666665,3862.3333333333335,214.0,0.0,0.0,3620.3333333333335,0.0,200.33333333333337,2257.6666666666665,3676.3333333333335,230.33333333333337,0.0,0.0,3405.3333333333335,0.0,197.33333333333337,2244.6666666666665,3499.3333333333335,241.33333333333337,0.0,0.0,3,Local Station
CUTI,RW05,RW/RN,รฟท.,บ. รถไฟฟ้า ร.ฟ.ท.,บางบำหรุ,SRT บางบำหรุ,582.4545455,5,1,0,0,0,0,0,0,0,2,2,0,0,0,0.0,0.0,0.0,0.0,180.5685838722633,180.5685838722633,0.0,0.0,0.0,0.0,1.0,10.5,1.0,5.5,0.0,0.0,0,0,0.0,0.0,0.0,0.0,0.0,0.0,0.0,0.0,10.0,10.0,30,6.83,4.0,16.5,1.88,2921.4,2921.4,2921.4,0.0,5007.7,2922.9,0.0,0.0,383.3,13.1,2538.2,86.9,0.0,0.0,2921.4,100.0,0.0,0.0,0.0,0.0,383.3,13.1,2538.2,86.9,7577.0,13.25,399.0,2970.75,938.75,239.75,0.0,0.25,7377.0,13.25,403.25,2988.0,934.0,254.5,0.0,0.25,7358.75,13.0,417.25,3094.5,914.5,295.25,0.0,0.25,7319.5,13.0,425.75,3113.75,873.0,342.0,0.0,0.25,7224.0,12.75,429.75,3099.0,833.25,376.75,0.0,0.25,7169.25,12.5,437.0,3080.0,795.5,400.75,0.0,0.25,4,Local Station
CUTI,RN04,RW/RN,รฟท.,บ. รถไฟฟ้า ร.ฟ.ท.,บางเขน,SRT บางเขน,1666.545455,5,2,0,0,0,0,0,0,7,0,0,0,0,0,0.0,0.0,0.0,0.0,5.185935694,12.519269312,10.28855132,35.031446856,0.0,0.0,0.0,0.0,0.0,0.0,0.0,0.0,0,0,0.0,0.0,0.0,0.0,0.0,0.0,0.0,0.0,165.1116438,165.1116438,45,6.06,4.0,12.0,2.67,3814.0,3465.0,3465.0,349.0,5881.9,3547.6,0.0,0.0,0.0,0.0,3814.0,100.0,2910.0,76.3,216.0,5.7,688.0,18.0,0.0,0.0,130.0,3.4,3684.0,96.6,3106.0,0.0,464.0,774.5,5305.5,54.166666666666664,0.0,0.1666666666666666,2940.1666666666665,0.0,466.0,773.0,5277.5,56.833333333333336,0.0,0.1666666666666666,2804.0,0.0,475.6666666666667,792.8333333333334,5170.833333333333,63.666666666666664,0.0,0.1666666666666666,2643.5,0.0,470.3333333333333,785.1666666666666,4921.666666666667,71.16666666666667,0.0,0.1666666666666666,2455.6666666666665,0.0,459.5,767.6666666666666,4684.5,76.66666666666667,0.0,0.1666666666666666,2288.0,0.0,453.3333333333333,749.5,4459.166666666667,80.33333333333333,0.0,0.1666666666666666,6,Local Station
CUTI,RN10,RW/RN,รฟท.,บ. รถไฟฟ้า ร.ฟ.ท.,รังสิต,SRT รังสิต,4266.636364,0,3,1,0,2,0,0,0,8,5,3,1,0,0,50.96584473,50.96584473,0.0,0.0,0.0,0.0,53.02227756,57.377046735,0.0,0.0,10.0,53.6953357325,10.0,25.0,0.0,0.0,0,0,39.32178327,39.32178327,12.17209731,12.17209731,0.0,0.0,0.0,0.0,16.36167928,32.22089596,47,7.71,4.0,12.0,1.39,11917.0,5929.0,5929.0,5988.0,11818.6,6948.8,7275.0,61.0,3519.0,29.5,1123.0,9.4,9517.0,79.9,2338.0,19.6,62.0,0.5,7275.0,61.0,3767.0,31.6,875.0,7.3,11014.666666666666,2.6666666666666665,0.0,8635.666666666666,1252.3333333333333,32.0,0.0,0.0,10822.333333333334,2.6666666666666665,0.0,8727.0,1241.6666666666667,33.666666666666664,0.0,0.0,11219.0,2.6666666666666665,0.0,9174.0,1208.3333333333333,38.333333333333336,0.0,0.0,11524.666666666666,2.6666666666666665,0.0,9568.0,1177.6666666666667,43.333333333333336,0.0,0.0,11777.333333333334,2.6666666666666665,0.0,9924.666666666666,1148.0,46.666666666666664,0.0,0.0,12048.0,2.6666666666666665,0.0,10365.0,1119.0,49.333333333333336,0.0,0.0,3,Local Station
CUTI,RN03,RW/RN,รฟท.,บ. รถไฟฟ้า ร.ฟ.ท.,วัดเสมียนนารี,SRT วัดเสมียนนารี,925.1363636,5,4,0,0,0,0,0,0,7,2,2,2,0,0,59.98280787,144.585564185,0.0,0.0,44.07483038,83.21180506,12.47812453,60.70678436142857,0.0,0.0,108.6961071,109.18196175,69.61185344,78.28712231,0.0,0.0,0,0,0.0,0.0,0.0,0.0,0.0,0.0,0.0,0.0,109.827626,181.5372612,39,6.85,4.0,13.0,2.0,4675.0,3410.0,3410.0,1265.0,6117.8,3191.1,650.0,13.9,242.0,5.2,3783.0,80.9,3761.0,80.4,228.0,4.9,686.0,14.7,650.0,13.9,242.0,5.2,3783.0,80.9,3368.714285714286,0.0,998.5714285714286,553.4285714285714,1281.571428571429,49.857142857142854,0.0,0.0,3129.1428571428573,0.0,1002.5714285714286,550.5714285714286,1274.857142857143,52.142857142857146,0.0,0.0,2919.4285714285716,0.0,1024.142857142857,561.5714285714286,1248.857142857143,58.57142857142857,0.0,0.0,2687.285714285714,0.0,1012.2857142857144,552.4285714285714,1188.857142857143,65.42857142857143,0.0,0.0,2435.1428571428573,0.0,988.8571428571428,536.1428571428571,1131.428571428571,70.57142857142857,0.0,0.0,2214.5714285714284,0.0,975.4285714285714,519.5714285714286,1077.142857142857,73.85714285714286,0.0,0.0,7,Local Station
CUTI,RN09,RW/RN,รฟท.,บ. รถไฟฟ้า ร.ฟ.ท.,หลักหก,SRT หลักหก,1791.090909,0,1,0,0,0,0,0,0,3,2,1,2,0,0,7.331562399,7.331562399,0.0,0.0,0.0,0.0,5.0,6.1657811995,0.0,0.0,70.0,70.0,7.331562399,7.331562399,0.0,0.0,0,0,0.0,0.0,0.0,0.0,0.0,0.0,0.0,0.0,78.83546269,78.83546269,18,7.81,4.0,13.0,1.91,2668.0,1540.0,1540.0,1128.0,3183.4,1541.0,0.0,0.0,133.0,5.0,2535.0,95.0,1498.0,56.1,672.0,25.2,498.0,18.7,0.0,0.0,672.0,25.2,1996.0,74.8,11710.5,2.75,133.25,8263.0,1653.25,69.75,12148.0,0.0,11272.75,2.75,135.5,8446.0,1639.75,73.25,12148.0,0.0,11423.0,2.75,142.5,8935.25,1595.25,83.25,12148.0,0.0,11388.0,2.75,148.25,9336.0,1555.0,94.0,12148.0,0.0,11271.25,2.5,153.25,9676.0,1515.5,101.75,12148.0,0.0,11168.25,2.5,159.75,10093.25,1477.25,107.0,12148.0,0.0,4,Local Station
CUTI,MT01,ARL,รฟท.,บ. รถไฟฟ้า ร.ฟ.ท.,อิมแพ็ค เมืองทองธานี,SRT อิมแพ็ค เมืองทองธานี,1565.0,0,1,0,0,0,0,0,0,3,0,0,2,0,0,4.755301399,32.2619193545,0.0,0.0,0.0,0.0,69.31908666,229.75775368,0.0,0.0,0.0,0.0,0.0,0.0,0.0,0.0,0,0,0.0,0.0,0.0,0.0,0.0,0.0,0.0,0.0,10.0,10.0,33,5.88,4.0,10.0,1.53,3602.0,1767.0,1767.0,1835.0,4937.7,1446.7,0.0,0.0,1460.0,40.5,2142.0,59.5,1880.0,52.2,1460.0,40.5,262.0,7.3,0.0,0.0,1460.0,40.5,2142.0,59.5,12213.4,0.0,436.0,15460.0,8276.4,349.6,28000.0,2.0,12563.6,0.0,443.4,15593.2,8219.0,377.4,28000.0,2.0,13487.8,0.0,464.2,16250.4,8007.6,455.8,28000.0,2.0,14288.6,0.0,486.0,17008.4,7868.8,548.4,28000.0,2.0,14971.4,0.0,504.4,17683.8,7732.8,618.8,28000.0,2.0,15642.2,0.0,524.4,18409.0,7598.6,668.6,28000.0,2.0,5,Destination Gateway
AEC,PP16,PP,รฟม.,BEM,เตาปูน,MRT เตาปูน,7346.0,9,14,0,0,0,8,0,0,1,0,0,4,0,0,4.0,45.66666666666666,0.0,0.0,83.0,108.25,40.0,40.0,0.0,0.0,0.0,0.0,0.0,0.0,0.0,0.0,0,0,0.0,0.0,0.0,0.0,21.0,107.0,0.0,0.0,6.0,21.25,113,4.16,2.0,10.0,1.95,5103.0,5067.0,5067.0,36.0,7357.8,4761.0,0.0,0.0,365.0,7.2,4388.0,86.0,2553.0,50.0,1750.0,34.3,800.0,15.7,0.0,0.0,750.0,14.7,4353.0,85.3,18973.25,0.0,765.0,6257.5,1027.75,0.0,8553.25,0.25,18498.0,0.0,767.75,6280.25,1022.25,0.0,8553.25,0.25,18153.75,0.0,784.25,7013.5,1001.5,0.0,8553.25,0.25,17573.0,0.0,775.5,7010.5,953.25,0.0,8553.25,0.25,16722.25,0.0,757.25,6930.75,907.5,0.0,8553.25,0.25,15922.75,0.0,747.25,6838.5,863.75,0.0,8553.25,0.25,4,Interchange Station
AEC,RW01,RW/RN,รฟท.,บ. รถไฟฟ้า ร.ฟ.ท.,กรุงเทพอภิวัฒน์,MRT บางซื่อ และ SRT กรงเทพอภิวัฒน์,9347.636364,3,3,0,0,2,0,0,0,0,0,0,0,0,0,0.0,0.0,0.0,0.0,3.0,11.666666666666666,0.0,0.0,0.0,0.0,0.0,0.0,0.0,0.0,0.0,0.0,0,0,0.0,0.0,5.0,10.0,0.0,0.0,0.0,0.0,10.0,17.666666666666668,19,6.67,3.0,12.0,1.57,2869.0,2499.0,2499.0,370.0,2264.3,2128.3,0.0,0.0,1787.0,62.3,1082.0,37.7,2334.0,81.4,258.0,9.0,277.0,9.7,0.0,0.0,2511.0,87.5,358.0,12.5,6731.0,0.0,120.66666666666669,3330.0,484.0,0.0,11404.333333333334,0.0,6592.0,0.0,121.0,3343.0,481.6666666666667,0.0,11404.333333333334,0.0,28986.0,0.0,123.66666666666669,12532.666666666666,471.6666666666667,0.0,146037.66666666666,0.0,51809.666666666664,0.0,122.33333333333331,18201.333333333332,449.0,0.0,254971.0,0.0,51575.0,0.0,119.33333333333331,18164.0,427.3333333333333,0.0,254971.0,0.0,51359.333333333336,0.0,117.66666666666669,18121.666666666668,407.0,0.0,254971.0,0.0,3,Intermodal Transportation Hub
CUTI,PP13,PP,รฟม.,BEM,แยกติวานนท์,MRT แยกติวานนท์,2708.0,6,5,1,0,0,0,0,0,0,0,0,2,0,0,30.0,50.0,0.0,0.0,12.0,30.0,0.0,0.0,0.0,0.0,0.0,0.0,0.0,0.0,0.0,0.0,0,0,33.0,33.0,0.0,0.0,0.0,0.0,0.0,0.0,11.0,16.333333333333332,69,4.24,2.2,14.0,1.94,1571.0,859.0,859.0,712.0,5428.7,1457.0,0.0,0.0,1413.0,89.9,158.0,10.1,448.0,28.5,1123.0,71.5,0.0,0.0,234.0,14.9,1288.0,82.0,49.0,3.1,6857.25,5.5,31.0,9305.25,760.25,10.75,0.0,0.0,6530.25,5.5,31.5,9480.25,754.75,11.75,0.0,0.0,6495.5,5.25,33.0,9939.75,735.75,14.0,0.0,0.0,6468.75,5.0,34.5,10425.5,722.75,17.0,0.0,0.0,6406.25,5.0,36.0,10835.75,710.25,19.0,0.0,0.0,6362.5,5.0,37.25,11275.5,698.0,20.5,0.0,0.0,4,Local Station
